-- phpMyAdmin SQL Dump
-- version 4.8.3
-- https://www.phpmyadmin.net/
--
-- Host: 127.0.0.1
-- Generation Time: Feb 25, 2020 at 04:40 PM
-- Server version: 10.1.37-MariaDB
-- PHP Version: 7.2.12

SET SQL_MODE = "NO_AUTO_VALUE_ON_ZERO";
SET AUTOCOMMIT = 0;
START TRANSACTION;
SET time_zone = "+00:00";


/*!40101 SET @OLD_CHARACTER_SET_CLIENT=@@CHARACTER_SET_CLIENT */;
/*!40101 SET @OLD_CHARACTER_SET_RESULTS=@@CHARACTER_SET_RESULTS */;
/*!40101 SET @OLD_COLLATION_CONNECTION=@@COLLATION_CONNECTION */;
/*!40101 SET NAMES utf8mb4 */;

--
-- Database: `projectrmuti`
--

-- --------------------------------------------------------

--
-- Table structure for table `activities`
--

CREATE TABLE `activities` (
  `activities_id` int(11) NOT NULL,
  `activities_topic` varchar(100) NOT NULL,
  `activities_unit` varchar(20) NOT NULL,
  `term_id` int(11) NOT NULL,
  `activities_year` varchar(10) NOT NULL,
  `activities_date` datetime NOT NULL,
  `time_out` datetime NOT NULL,
  `atttype_id` int(11) NOT NULL,
  `lat` varchar(255) NOT NULL,
  `lng` varchar(255) NOT NULL,
  `act_status` int(1) NOT NULL,
  `extra_status` int(11) NOT NULL
) ENGINE=InnoDB DEFAULT CHARSET=utf8;

--
-- Dumping data for table `activities`
--

INSERT INTO `activities` (`activities_id`, `activities_topic`, `activities_unit`, `term_id`, `activities_year`, `activities_date`, `time_out`, `atttype_id`, `lat`, `lng`, `act_status`, `extra_status`) VALUES
(23, 'กิจกรรมวันลอยกระทง', '5', 1, '2562', '2019-09-23 06:00:00', '2019-09-23 07:31:00', 1, '', '', 0, 0),
(26, 'โครงการจัดนิทรรศการหนังสือวิทยาเขตขอนแก่น', '5', 2, '2562', '2019-03-12 00:00:00', '2019-09-23 00:00:00', 2, '', '', 0, 0),
(30, 'กิจกรรม วันชาติไทย', '5', 2, '2562', '2019-12-05 00:00:00', '2019-09-23 00:00:00', 3, '', '', 0, 0),
(31, 'บริจาคโลหิต ประจำเดือน กรกฎาคม 2562', '6', 1, '2562', '2019-07-31 00:00:00', '2019-09-23 00:00:00', 3, '', '', 0, 0),
(32, ' ห้องน้ำเพื่อน้อง', '5', 1, '2562', '2019-04-02 00:00:00', '2019-09-23 00:00:00', 1, '', '', 0, 0),
(33, 'งานสถาปนาและเชิดชูเกียรติบุคลากร คณะบริหารฯ', '5', 1, '2562', '2019-09-01 00:00:00', '2019-09-23 00:00:00', 3, '', '', 0, 0),
(34, 'โครงการกิจกรรมวันแม่แห่งชาติ (12 สิงหา มหาราชินี)', '5', 1, '2562', '2019-08-12 00:00:00', '2019-09-23 00:00:00', 3, '', '', 0, 0),
(35, 'วันวิสาขบูชาพุทธศาสนาโลก', '5', 1, '2562', '2019-06-30 00:00:00', '2019-09-23 00:00:00', 3, '', '', 0, 0),
(36, 'เปิดโลกกิจกรรม', '5', 1, '2562', '2019-05-15 00:00:00', '2019-09-23 00:00:00', 7, '', '', 0, 0),
(38, 'ทำบุญทอดกฐินสามัคคี', '5', 1, '2562', '2019-11-03 00:00:00', '2019-09-23 00:00:00', 4, '', '', 0, 0),
(39, 'ซ้อมใหญ่เชียร์กลาง', '5', 1, '2562', '2019-06-19 00:00:00', '2019-09-23 00:00:00', 6, '', '', 0, 0),
(40, 'เลือกตั้งผู้นำองค์กรนักศึกษา', '5', 1, '2562', '2019-07-11 00:00:00', '2019-09-23 00:00:00', 6, '', '', 0, 0),
(41, 'โครงการอบรมภาษาอังกฤษ Exit Exam', '6', 1, '2562', '2019-02-02 00:00:00', '2019-09-23 00:00:00', 2, '', '', 0, 0),
(42, 'พิธีไหว้ครู', '5', 1, '2562', '2019-07-18 00:00:00', '2019-09-23 00:00:00', 6, '', '', 0, 0),
(43, 'ประกวดดาวเดือนสืบสานศิลปวัฒนธรรม(คณะบริหารฯ)', '6', 1, '2562', '2019-07-17 00:00:00', '2019-09-23 00:00:00', 7, '', '', 0, 0),
(44, 'กีฬาภายใน', '5', 1, '2562', '2019-05-22 00:00:00', '2019-09-23 00:00:00', 7, '', '', 0, 0),
(45, 'กีฬาน้องใหม่', '5', 1, '2562', '2019-04-11 00:00:00', '2019-09-23 00:00:00', 7, '', '', 0, 0),
(46, 'สัมมนาวิชาการ \"กลยุทธ์การบริหารสมัยใหม่ในองค์กรรัฐวิสาหกิจ\"', '5', 2, '2562', '2019-07-17 00:00:00', '2019-09-23 00:00:00', 5, '', '', 0, 0),
(47, 'ต้อนรับเอกอัครราชทูตสาธารณรัฐเยอรมนี ประจำประเทศไทย', '6', 2, '2562', '2019-01-17 00:00:00', '2019-09-23 00:00:00', 5, '', '', 0, 0),
(48, 'วันสานสัมพันธ์น้องพี่ 2561', '6', 1, '2561', '2019-06-22 00:00:00', '2019-09-23 00:00:00', 7, '', '', 0, 0),
(49, 'ปัจฉิมนิเทศนักศึกษาปีสุดท้าย', '5', 2, '2562', '2019-02-24 00:00:00', '2019-09-23 00:00:00', 6, '', '', 0, 0),
(50, 'วันสงกรานต์', '6', 2, '2562', '2019-04-13 00:00:00', '2019-09-23 00:00:00', 4, '', '', 0, 0),
(51, ' วันคล้ายวันสถาปนาวิทยาเขตขอนแก่น', '5', 2, '2562', '2019-03-14 00:00:00', '2019-09-23 00:00:00', 6, '', '', 0, 0),
(53, 'กิจกรรมเชียร์กลาง', '6', 1, '2562', '2019-06-30 00:00:00', '2019-09-23 00:00:00', 7, '', '', 0, 0),
(54, ' กิจกรรมชมรม/ชุมนุม', '5', 1, '2562', '2019-12-15 00:00:00', '2019-09-23 00:00:00', 7, '', '', 0, 0),
(55, 'กีฬาเพื่อสุขภาพในสถาบันอุดมศึกษา', '5', 1, '2562', '2019-08-29 00:00:00', '2019-09-23 00:00:00', 1, '', '', 0, 0),
(56, 'รณรงค์ป้องกันเฝ้าระวังยาเสพติดในสถานศึกษา', '5', 1, '2562', '2019-08-31 00:00:00', '2019-09-23 00:00:00', 1, '', '', 0, 0),
(57, 'อบรมให้เลือด ให้ชีวิต สปิริตคนรุ่นใหม่', '5', 1, '2562', '2019-09-09 00:00:00', '2019-09-23 00:00:00', 2, '', '', 0, 0),
(58, 'โครงการเข้าร่วมกิจกรรมแนะนำการใช้บริการห้องสมุด', '5', 1, '2562', '2019-09-10 00:00:00', '2019-09-23 00:00:00', 2, '', '', 0, 0),
(59, 'ครบรอบวันจัดตั้งคณะบริหารฯ', '5', 1, '2562', '2019-09-02 00:00:00', '2019-09-23 00:00:00', 3, '', '', 0, 0),
(60, 'อบรมการเขียนรายงานทางวิชาการเพื่อการจัดทำปริญญานิพนธ์', '5', 2, '2562', '2019-02-24 00:00:00', '2019-09-23 00:00:00', 2, '', '', 0, 0),
(61, 'กิจกรรมวันเด็กแห่งชาติ', '5', 2, '2562', '2019-01-09 00:00:00', '2019-09-23 00:00:00', 3, '', '', 0, 0),
(62, 'อนุรักษ์สืบสานวัฒนธรรมจริยธรรมภูมิปัญญาท้องถิ่่น', '5', 2, '2562', '2019-03-05 00:00:00', '2019-09-23 00:00:00', 4, '', '', 0, 0),
(63, 'ชมรมคลับวัยทีน', '5', 2, '2562', '2019-03-31 00:00:00', '2019-09-23 00:00:00', 7, '', '', 0, 0),
(64, ' ออกค่ายอาสาพัฒนา', '5', 2, '2562', '2019-12-25 00:00:00', '2019-09-23 00:00:00', 2, '', '', 0, 0),
(65, 'บรรยายธรรม หัวข้อ \"ธรรมะกับไอที\"', '5', 2, '2562', '2019-02-11 00:00:00', '2019-09-23 00:00:00', 3, '', '', 0, 0),
(66, ' เรียนรู้อนุรักษ์วัฒนธรรมเสียงแคนสู่อาเซียน', '5', 2, '2562', '2019-02-13 00:00:00', '2019-09-23 00:00:00', 4, '', '', 0, 0),
(67, 'ทำบุญขึ้นปีใหม่', '5', 2, '2562', '2019-01-06 00:00:00', '2019-09-23 00:00:00', 4, '', '', 0, 0),
(68, 'อบรมเชิงปฏิบัติการการปฐมพยาบาลเบื้องต้น	', '5', 2, '2562', '2019-02-18 00:00:00', '2019-09-23 00:00:00', 2, '', '', 0, 0),
(69, 'กีฬามหาวิทยาลัยเทคโนโลยีราชมงคลอีสาน', '5', 1, '2562', '2019-10-28 00:00:00', '2019-09-23 00:00:00', 1, '', '', 0, 0),
(70, 'การเรียนนักศึกษาวิชาทหาร (รด.)', '5', 1, '2562', '2019-10-06 00:00:00', '2019-09-23 00:00:00', 5, '', '', 0, 0),
(71, 'สอบวัดความรู้ภาาาอังกฤษ มหาวิทยาลัยเทคโนโลยีราชมงคลอีสาน ', '5', 2, '2562', '2019-02-03 00:00:00', '2019-09-23 00:00:00', 6, '', '', 0, 0),
(72, ' รับฟังบรรยายโครงการ GSB สุดยอด SMEs Startup', '5', 1, '2562', '2019-07-18 00:00:00', '2019-09-23 00:00:00', 2, '', '', 0, 0),
(73, 'กิจกรรมบริจาคโลหิต \"กยศ.รวมใจปันโลหิต ต่อชีวิตเพื่อนมนุษย์ ปีที่ ๔\"	', '5', 1, '2562', '2019-09-12 00:00:00', '2019-09-23 00:00:00', 3, '', '', 0, 0),
(74, 'พิธีเคลื่อนสรีระสังขารหลวงปู่พระครูสิริสารธรรม ดร. (บ้านโคกสี)', '5', 2, '2562', '2019-01-15 00:00:00', '2019-09-23 00:00:00', 3, '', '', 0, 0),
(75, 'เทศกาลไหมนานาชาติ ประเพณีผูกเสี่ยวและงานกาชาดขอนแก่น', '5', 1, '2562', '2019-11-28 00:00:00', '2019-09-23 00:00:00', 4, '', '', 0, 0),
(76, 'โครงการจิตอาสามหาวิทยาลัยเพื่อชุมชน', '5', 2, '2562', '2019-04-21 00:00:00', '2019-09-23 00:00:00', 4, '', '', 0, 0),
(77, ' โครงการประชารัฐร่วมใจปลูกต้นไม้ให้แผ่นดิน', '5', 2, '2562', '2019-05-30 00:00:00', '2019-09-23 00:00:00', 4, '', '', 0, 0),
(78, ' อบรมพัฒนาคุณธรรมจริยธรรม', '5', 1, '2562', '2019-06-30 00:00:00', '2019-09-23 00:00:00', 7, '', '', 0, 0),
(79, 'สนับสนุนจัดพิธีซ้อมรับพระราชทานปริญญาบัตร', '6', 1, '2562', '2019-08-09 00:00:00', '2019-09-23 00:00:00', 5, '', '', 0, 0),
(80, 'กิจกรรม เดิน-วิ่ง เพื่อสุขภาพ 100 ปี การสาธารณสุขไทย', '5', 1, '2562', '2019-08-19 00:00:00', '2019-09-23 00:00:00', 1, '', '', 0, 0),
(81, 'กิจกรรมฟื้นฟูน้ำท่วม', '5', 2, '2562', '2019-01-13 00:00:00', '2019-09-23 00:00:00', 2, '', '', 0, 0),
(82, 'โครงการอบรม เรื่อง เทคโนโลยี INTERNET OF THINGS', '5', 1, '2562', '2019-10-23 00:00:00', '2019-09-23 00:00:00', 2, '', '', 0, 0),
(83, 'ลือกตั้งซ่อมนายกสโมสรนักศึกษาคณะบริหารฯ', '5', 1, '2562', '2019-07-22 00:00:00', '2019-09-23 00:00:00', 5, '', '', 0, 0),
(84, 'พิธีไหว้ครู คณะบริหารธุรกิจและเทคโนโลยีสารสนเทศ', '5', 1, '2562', '2019-07-05 00:00:00', '2019-09-23 00:00:00', 6, '', '', 0, 0),
(85, 'คนไทยหัวใจเดียวกัน', '5', 2, '2562', '2019-02-05 00:00:00', '2019-09-23 00:00:00', 5, '', '', 0, 0),
(86, ' กิจกรรมปั่นจักรยานเพื่อสุขภาพ', '5', 1, '2562', '2019-08-23 00:00:00', '2019-09-23 00:00:00', 1, '', '', 0, 0),
(87, 'รณรงค์ประหยัดพลังงาน', '6', 1, '2562', '2019-08-12 00:00:00', '2019-09-23 00:00:00', 2, '', '', 0, 0),
(88, ' โครงการกิจกรรม 5 ส. วิทยาเขตขอนแก่น', '5', 2, '2562', '2019-03-14 00:00:00', '2019-09-23 00:00:00', 4, '', '', 0, 0),
(89, 'อบรมและรณรงค์การอนุรักษ์พลังงาน', '5', 1, '2562', '2019-08-20 00:00:00', '2019-09-23 00:00:00', 4, '', '', 0, 0),
(90, 'กิจกรรมปลูกป่าเฉลิมพระเกียรติ วันแม่แห่งชาติ', '5', 1, '2562', '2019-08-16 00:00:00', '2019-09-23 00:00:00', 4, '', '', 0, 0),
(91, 'สู่จุดหมายที่ปลายฝัน', '5', 2, '2562', '2019-02-15 00:00:00', '2019-09-23 00:00:00', 3, '', '', 0, 0),
(92, 'สืบสานศิลปวัฒนธรรมไทย', '3', 2, '2562', '2019-02-06 00:00:00', '2019-09-23 00:00:00', 4, '', '', 0, 0),
(93, 'กิจกรรมการฝึกอบรมโครงการจิตอาสา', '5', 1, '2562', '2019-10-17 00:00:00', '2019-09-23 00:00:00', 5, '', '', 0, 0),
(94, 'ผู้นำเชียร์ และเชียร์ลีดเดอร์ แห่ง มทร.อีสาน วิทยาเขตขอนแก่น', '5', 1, '2562', '2019-07-14 00:00:00', '2019-09-23 00:00:00', 5, '', '', 0, 0),
(95, 'เข้าร่วมแสดงพลังผลักดัน วิทยาเขตขอนแก่นเป็นมหาวิทยาลัย', '5', 1, '2562', '2019-07-24 00:00:00', '2019-09-23 00:00:00', 2, '', '', 0, 0),
(96, ' กิจกรรม BIS Family Day', '5', 1, '2562', '2019-08-04 00:00:00', '2019-09-23 00:00:00', 3, '', '', 0, 0),
(97, 'กิจกรรมบายศรีสู่ขวัญนักศึกษาใหม่ สาขาการบัญชี', '6', 1, '2562', '2019-08-05 00:00:00', '2019-09-23 00:00:00', 3, '', '', 0, 0),
(98, ' กิจกรรมทำบุญตักบาตรและกิจกรรม Big Cleaning Day', '5', 1, '2562', '2019-07-17 00:00:00', '2019-09-23 00:00:00', 4, '', '', 0, 0),
(99, 'BMG บายศรีนี้เพื่อน้อง', '5', 1, '2562', '2019-06-26 00:00:00', '2019-09-23 00:00:00', 4, '', '', 0, 0),
(100, 'ช่วยงานซ้อมย่อยการรับพระราชทานปริญญาบัตร ', '5', 1, '2562', '2019-08-10 00:00:00', '2019-09-23 00:00:00', 5, '', '', 0, 0),
(101, 'เอไอเอส แนะแนวว่าที่บัณฑิตก้าวสู่วันทำงานที่สดใส', '5', 1, '2562', '2019-09-25 00:00:00', '2019-09-23 00:00:00', 5, '', '', 0, 0),
(102, 'ค่ายนักการตลาดรุ่นใหม่', '5', 1, '2562', '2019-11-11 00:00:00', '2019-09-23 00:00:00', 2, '', '', 0, 0),
(103, 'อบรมการขับขี่รถจักรยานยนต์', '5', 2, '2562', '2019-09-27 00:00:00', '2019-09-23 00:00:00', 6, '', '', 0, 0),
(105, 'กิจกรรมทำความสะอาดประจำปี', '5', 1, '2562', '2019-09-23 10:00:00', '2019-09-23 15:00:00', 2, '', '', 1, 0),
(6111114, 'กิจกรรมวันลอยกระทง ปี 62', '5', 2, '2562', '2020-01-23 08:00:00', '2020-02-29 11:11:00', 4, '16.327379968456047', '102.80897728338203', 0, 0),
(6111115, 'โครงการจัดนิทรรศการหนังสือวิทยาเขตขอนแก่น ปี 62', '5', 2, '2562', '2020-01-23 08:00:00', '2020-02-29 11:01:00', 2, '16.32739228067061', '102.80894098589341', 0, 0),
(6111116, 'วันชาติไทย ปี 62', '5', 2, '2562', '2020-01-23 08:00:00', '2020-02-29 11:01:00', 3, '16.327369583950738', '102.80899971945055', 0, 0),
(6111117, 'ทำความสะอาดประจำปี', '5', 1, '2562', '2020-01-24 08:00:00', '2020-02-13 18:00:00', 1, '16.42814081421983', '102.8629732131958', 1, 0),
(6111118, 'วันสงกรานต์ประจำปี63', '5', 2, '2563', '2020-02-11 08:00:00', '2020-02-11 17:00:00', 1, '16.428128808351925', '102.8631996182055', 1, 0),
(6111119, 'ทดสอบ', '5', 2, '2562', '2020-02-20 08:00:00', '2020-02-21 11:01:00', 1, '16.42814081421983', '102.8629732131958', 1, 0);

-- --------------------------------------------------------

--
-- Table structure for table `activities_extra`
--

CREATE TABLE `activities_extra` (
  `ex_id` int(11) NOT NULL,
  `ex_name` varchar(100) NOT NULL
) ENGINE=InnoDB DEFAULT CHARSET=utf8;

--
-- Dumping data for table `activities_extra`
--

INSERT INTO `activities_extra` (`ex_id`, `ex_name`) VALUES
(11111, 'เลือกตั้งผู้นำนักศึกษา'),
(22222, 'ดาวเดือนคณะ'),
(5834211, 'เชียร์กลาง');

-- --------------------------------------------------------

--
-- Table structure for table `activities_join`
--

CREATE TABLE `activities_join` (
  `join_id` int(11) NOT NULL,
  `activities_id` int(11) NOT NULL,
  `student_id` varchar(20) NOT NULL,
  `date_time` datetime NOT NULL,
  `img_one` varchar(255) NOT NULL,
  `img_two` varchar(255) NOT NULL,
  `join_unit` varchar(20) NOT NULL
) ENGINE=InnoDB DEFAULT CHARSET=utf8;

--
-- Dumping data for table `activities_join`
--

INSERT INTO `activities_join` (`join_id`, `activities_id`, `student_id`, `date_time`, `img_one`, `img_two`, `join_unit`) VALUES
(12, 102, '58342110223-6', '2020-01-23 22:35:25', '', '', '5'),
(13, 101, '58342110223-6', '2020-01-23 22:35:35', '', '', '5'),
(14, 100, '58342110223-6', '2020-01-23 22:35:52', '', '', '5'),
(15, 98, '58342110223-6', '2020-01-23 22:37:31', '', '', '5'),
(17, 96, '58342110223-6', '2020-01-23 22:38:11', '', '', '5'),
(18, 95, '58342110223-6', '2020-01-23 22:38:35', '', '', '5'),
(19, 89, '58342110223-6', '2020-01-23 22:39:44', '', '', '5'),
(20, 80, '58342110223-6', '2020-01-23 22:40:04', '', '', '5'),
(21, 86, '58342110223-6', '2020-01-23 22:41:02', '', '', '5'),
(22, 84, '58342110223-6', '2020-01-23 22:41:17', '', '', '5'),
(23, 78, '58342110223-6', '2020-01-23 22:41:41', '', '', '5'),
(24, 71, '58342110223-6', '2020-01-23 22:42:00', '', '', '5'),
(25, 63, '58342110223-6', '2020-01-23 22:42:25', '', '', '5'),
(26, 54, '58342110223-6', '2020-01-23 22:42:45', '', '', '5'),
(27, 53, '58342110223-6', '2020-01-23 22:43:06', '', '', '6'),
(28, 51, '58342110223-6', '2020-01-23 22:43:19', '', '', '5'),
(29, 36, '58342110223-6', '2020-01-23 22:43:40', '', '', '5'),
(30, 40, '58342110223-6', '2020-01-23 22:45:52', '', '', '5'),
(31, 42, '58342110223-6', '2020-01-23 22:46:17', '', '', '5'),
(33, 102, '58342110172-6', '2020-01-23 22:49:31', '', '', '5'),
(34, 101, '58342110172-6', '2020-01-23 22:49:52', '', '', '5'),
(35, 100, '58342110172-6', '2020-01-23 22:50:05', '', '', '5'),
(36, 98, '58342110172-6', '2020-01-23 22:50:26', '', '', '5'),
(37, 96, '58342110172-6', '2020-01-23 22:50:48', '', '', '5'),
(38, 36, '58342110172-6', '2020-01-23 22:55:28', '', '', '5'),
(39, 54, '58342110172-6', '2020-01-23 22:55:47', '', '', '5'),
(40, 53, '58342110172-6', '2020-01-23 22:55:57', '', '', '6'),
(41, 48, '58342110172-6', '2020-01-23 22:56:21', '', '', '6'),
(42, 49, '58342110172-6', '2020-01-23 22:56:33', '', '', '5'),
(43, 51, '58342110172-6', '2020-01-23 22:56:54', '', '', '5'),
(44, 71, '58342110172-6', '2020-01-23 22:57:35', '', '', '5'),
(46, 92, '58342110172-6', '2020-01-23 22:58:07', '', '', '3'),
(48, 40, '58342110172-6', '2020-01-23 22:59:30', '', '', '5'),
(49, 50, '58342110172-6', '2020-01-23 23:00:04', '', '', '6'),
(50, 55, '58342110172-6', '2020-01-23 23:00:22', '', '', '5'),
(51, 61, '58342110172-6', '2020-01-23 23:00:39', '', '', '5'),
(58, 6111117, '56342110112-7', '2020-02-09 23:19:52', '', '', '5'),
(59, 6111117, '57342110133-0', '2020-02-09 23:20:04', '', '', '5'),
(60, 6111117, '58342110232-0', '2020-02-09 23:20:22', '', '', '5'),
(61, 6111117, '58342110238-4', '2020-02-09 23:20:35', '', '', '5'),
(62, 6111117, '59342110112-1', '2020-02-09 23:20:46', '', '', '5'),
(63, 6111117, '59342110252-1', '2020-02-09 23:20:58', '', '', '5'),
(64, 6111117, '62342110008-7', '2020-02-09 23:21:09', '', '', '5'),
(65, 6111117, '61342110334-4', '2020-02-09 23:21:20', '', '', '5'),
(67, 6111117, '58342110223-6', '2020-02-11 16:23:47', '67.jpg', '67.jpg', '5'),
(68, 6111117, '59342110123-0', '2020-02-13 01:50:20', '', '', '5'),
(69, 6111115, '58342110172-6', '2020-02-13 17:19:13', '', '', '5'),
(70, 6111114, '58342110172-6', '2020-02-13 17:19:26', '', '', '5'),
(71, 103, '58342110223-6', '2020-02-13 23:30:51', '', '', '5'),
(72, 49, '58342110223-6', '2020-02-13 23:32:03', '', '', '5'),
(73, 97, '58342110223-6', '2020-02-14 19:47:49', '', '', '6'),
(74, 6111114, '59342110123-0', '2020-02-14 20:10:23', '', '', '5'),
(75, 99, '59342110123-0', '2020-02-14 20:10:31', '', '', '5'),
(76, 98, '59342110123-0', '2020-02-14 20:10:43', '', '', '5'),
(77, 96, '59342110123-0', '2020-02-14 20:10:54', '', '', '5'),
(78, 87, '59342110123-0', '2020-02-14 20:11:09', '', '', '6'),
(79, 84, '59342110123-0', '2020-02-14 20:11:19', '', '', '5'),
(80, 78, '59342110123-0', '2020-02-14 20:11:30', '', '', '5'),
(81, 70, '59342110123-0', '2020-02-14 20:11:39', '', '', '5'),
(84, 78, '58342110172-6', '2020-02-14 21:19:44', '', '', '5');

-- --------------------------------------------------------

--
-- Table structure for table `activities_term`
--

CREATE TABLE `activities_term` (
  `term_id` int(11) NOT NULL
) ENGINE=InnoDB DEFAULT CHARSET=utf8;

--
-- Dumping data for table `activities_term`
--

INSERT INTO `activities_term` (`term_id`) VALUES
(1),
(2),
(3);

-- --------------------------------------------------------

--
-- Table structure for table `activities_type`
--

CREATE TABLE `activities_type` (
  `atttype_id` int(11) NOT NULL,
  `atttype_detail` varchar(50) NOT NULL
) ENGINE=InnoDB DEFAULT CHARSET=utf8;

--
-- Dumping data for table `activities_type`
--

INSERT INTO `activities_type` (`atttype_id`, `atttype_detail`) VALUES
(1, 'เลือกเข้าร่วม - HD'),
(2, 'เลือกเข้าร่วม - AD'),
(3, 'เลือกเข้าร่วม - MD'),
(4, 'เลือกเข้าร่วม - CD'),
(5, 'เลือกเข้าร่วม - PD'),
(6, 'กิจกรรมบังคับ'),
(7, 'กิจกรรมบังคับเลือก');

-- --------------------------------------------------------

--
-- Table structure for table `cal`
--

CREATE TABLE `cal` (
  `cal_id` int(11) NOT NULL,
  `atttype_id` int(11) NOT NULL,
  `class_id` int(11) NOT NULL,
  `cal_detail` int(20) NOT NULL
) ENGINE=InnoDB DEFAULT CHARSET=utf8;

--
-- Dumping data for table `cal`
--

INSERT INTO `cal` (`cal_id`, `atttype_id`, `class_id`, `cal_detail`) VALUES
(1, 1, 1, 2),
(2, 2, 1, 2),
(3, 3, 1, 2),
(4, 4, 1, 2),
(5, 5, 1, 2),
(6, 6, 1, 6),
(7, 7, 1, 5),
(8, 1, 2, 1),
(9, 2, 2, 1),
(10, 3, 2, 1),
(11, 4, 2, 1),
(12, 5, 2, 1),
(13, 6, 2, 4),
(14, 7, 2, 0);

-- --------------------------------------------------------

--
-- Table structure for table `employee`
--

CREATE TABLE `employee` (
  `emp_id` int(11) NOT NULL,
  `emp_username` varchar(100) NOT NULL,
  `emp_password` varchar(100) NOT NULL,
  `emp_name` varchar(100) NOT NULL,
  `emp_lastname` varchar(100) NOT NULL,
  `emp_phone` varchar(10) NOT NULL,
  `emp_email` varchar(50) NOT NULL,
  `emp_status` enum('ADMIN','USER','EMPLOYEE') NOT NULL
) ENGINE=InnoDB DEFAULT CHARSET=utf8;

--
-- Dumping data for table `employee`
--

INSERT INTO `employee` (`emp_id`, `emp_username`, `emp_password`, `emp_name`, `emp_lastname`, `emp_phone`, `emp_email`, `emp_status`) VALUES
(3, 'admin', '1234', 'admin', 'admin', '0807518632', 'ngerntanabut@gmail.com', 'ADMIN'),
(12, 'employee', '1234', 'เจ้าหน้าที่', 'ทดสอบครับ', '1234567890', 'ttt@gmail.com', 'EMPLOYEE'),
(13, 'user', '1234', 'สโมสร', 'นักศึกษา', '0807518632', 'student@gmail.com', 'USER'),
(14, 'butsaba1', '1234', 'บุษบา  ', 'ช่อม่วง', '0807328962', 'butsaba@gmail.com', 'EMPLOYEE');

-- --------------------------------------------------------

--
-- Table structure for table `news`
--

CREATE TABLE `news` (
  `news_id` int(6) UNSIGNED ZEROFILL NOT NULL,
  `news_topic` varchar(200) NOT NULL,
  `news_detail` text NOT NULL,
  `news_filename` varchar(100) NOT NULL,
  `news_status` int(1) NOT NULL DEFAULT '0',
  `news_date` datetime NOT NULL,
  `year_id` varchar(10) NOT NULL,
  `newstype_id` int(3) UNSIGNED ZEROFILL NOT NULL,
  `show_status` int(1) NOT NULL DEFAULT '1'
) ENGINE=InnoDB DEFAULT CHARSET=utf8;

--
-- Dumping data for table `news`
--

INSERT INTO `news` (`news_id`, `news_topic`, `news_detail`, `news_filename`, `news_status`, `news_date`, `year_id`, `newstype_id`, `show_status`) VALUES
(000008, 'กิจกรรมลอยกระทง', '<p>กำหนดการจัดกิจกรรมลอยกระทง สถานที่บึงหนองใหญ่ ณ บ้านหนองใหญ่ ในวันที่ 12 เดือนพฤษจิกายน พ.ศ.2562นักศึกษาที่เข้าร่วมกิจกรรมจะได้ หน่วยกิตด้าน CD 5 หน่วยกิต</p>', 'news_5d64e06532798.jpg', 1, '2020-02-20 01:29:32', '2555', 002, 1),
(000019, 'กิจกรรมวันเข้าพรรษา', '<p>กำหนดการจัดกิจกรรมวันเข้าพรรษา สถานที่วัดศรีจันทร์ ในวันที่ 17 เดือนกรกฎาคม พ.ศ.2562 นักศึกษาที่เข้าร่วมกิจกรรมจะได้ หน่วยกิตด้าน CD 5 หน่วยกิต</p>', 'news_5d36bdbe47aea.jpg', 1, '2020-02-20 01:29:41', '2556', 002, 1),
(000020, 'กิจกรรมวันสงกรานต์', '<p>กำหนดการจัดกิจกรรมวันสงกรานต์ สถานที่บึงแก่งนคร ในวันที่ 12 เดือนเมษายน พ.ศ.2562 นักศึกษาที่เข้าร่วมกิจกรรมจะได้ หน่วยกิตด้าน PD 5 หน่วยกิต</p>', 'news_5d64e26caa12a.jpg', 1, '2020-02-20 01:29:53', '2562', 002, 1),
(000021, 'งานเทศกาลไหมนานาชาติ ประเพณีผูกเสี่ยวและงานกาชาด จังหวัดขอนแก่น', '<p>ประเพณีผูกเสี่ยวและงานกาชาดจังหวัดขอนแก่น กำหนดตั้งแต่วันที่ ๒๙ พฤศจิกายน ๑๐ ธันวาคม ของทุกปี รวม ๑๒ วัน ๑๒ คืนนั้น มีแนวทางการจัดงาน หรือประเด็นหลัก เน้นหนักใน ๓ ประการ คือ ประการที่ ๑ งานเทศกาลไหม จะแสดงเอกลักษณ์ความสวยสดงดงามของลายผ้าไหมของชาวขอนแก่น ซึ่งถือได้ว่าเป็นแหล่งรวมผ้าไหม ที่มากและสวยที่สุดในประเทศไทย ประการที่ ๒ ประเพณีผูกเสี่ยว ถือเป็นประเพณีพื้นบ้านสืบทอดกันมานาน จนเป็นวัฒนธรรมท้องถิ่น แสดงออกถึงความรัก ความผูกพัน ประดุจพี่น้อง ประการที่ ๓ งานกาชาดจังหวัด เป็นองค์กรหลักสำคัญในการสงเคราะห์แก่ผู้ยากไร้ เป็นองค์กรที่จะส่งเสริมโอกาสทางสังคมให้กับพี่น้องประชาชน</p>', 'news_5d64e410c5087.jpg', 0, '2020-02-20 01:30:02', '2562', 001, 1),
(000022, 'พิธีซ้อมย่อยพระราชทานปริญญาบัตร ครั้งที่ 33 ประจำปีการศึกษา 2561', '<p>พิธีคณะบริหารธุรกิจและเทคโนโลยีสารสนเทศเข้าร่วมการจัดซ้อมย่อยพิธีพระราชทานปริญญาบัตรครั้งที่ 33 ประจำปีการศึกษา 2561 วันที่ 9-10 สิงหาคม 2562 ณ มทร.อีสาน วิทยาเขตขอนแก่น นำโดย ดร.ปภาวิน พชรโชติสุธี คณบดีคณะบริหารธุรกิจและเทคโนโลยีสารสนเทศ ผู้บริหาร และคณาจารย์ ในปีนี้มีบัณฑิตที่สำเร็จการศึกษาจากคณะบริหารธุรกิจและเทคโนโลยีสารสนเทศ 484 คน มีกำหนดการเข้ารับพระราชทานปริญญาบัตร วันที 20 สิงหาคม 2562 รอบเช้า ณ มทร.ธัญบุรี ตำบลคลองหก อำเภอคลองหลวง จังหวัดปทุมธานี</p>', 'news_5d64e4d410630.jpg', 0, '2020-02-20 01:30:15', '2562', 001, 1),
(000023, 'พิธีไหว้ครู ประจำปีการศึกษา 2562', '<p>วันที่ 11 กรกฎาคม 2562 เวลา 13.00 น. คณะบริหารธุรกิจและเทคโนโลยีสานสนเทศ จัดพิธีไหว้ครู ประจำปีการศึกษา 2562 ณ ห้องประชุมสัมมนา 2 อาคาร 18 โดยมี อาจารย์ ดร.ปภาวิน พชรโชติสุธี คณบดีคณะบริหารธุรกิจและเทคโนโลยีสารสนเทศ ให้เกียรติเป็นประธานในพิธี พร้อมทั้ง ผู้ทรงคุณวุฒิ คณาจารย์อาวุโส คณาจารย์ประจำ สมาคมศิษย์เก่าเทคโนไทย-เยอรมัน ขอนแก่น ร่วมเป็นกำลังใจให้นักศึกษา โดยมีกิจกรรมที่น่าสนใจเช่น พิธีเชิญตราสัญลักษณ์ ธงประจำสาขาวิชา พิธีเจิมหนังสืออุปกรณ์การเรียน พิธีไหว้ครู กิจกรรมร่วมร้องเพลงพระคุณที่สาม พิธีมอบทุนการศึกษา การแสดงรำอวยพรวันทาบูชาครู พิธีบายศรีสู่ขวััญนักศึกษาใหม่ บรรยากาศเต็มไปด้วยความรักความอบอุ่นภายใต้ครอบครัวบริหารธุรกิจฯ</p>', 'news_5d64e52b7ce1d.jpg', 0, '2020-02-20 01:30:27', '2562', 001, 1),
(000024, 'โครงการปฐมนิเทศน์นักศึกษาใหม่ (รอบที่ 2) ประจำปีการศึกษา 2562', '<p>วันที่ 6-8 กรกฎาคม 2562 คณะบริหารธุรกิจและเทคโนโลยีสารสนเทศ ได้จัดโครงการปฐมนิเทศน์นักศึกษาใหม่ (รอบที่ 2) ประจำปีการศึกษา 2562 ได้รับเกียรติจาก ได้รับเกียรติจาก ผศ.ณรงค์ ผลวงษ์ รองอธิการบดีประจำวิทยาเขตขอนแก่น กล่าวต้อนรับนักศึกษาใหม่ ณ สถานีรถไฟจังหวัดขอนแก่น พร้อมกันนี้ได้รับเกียรติจาก อาจารย์ ดร.ปภาวิน พชรโชติสุธี คณบดีคณะบริหารธุรกิจและเทคโนโลยีสารสนเทศ เป็นประธานเปิดโครงการ โดยมีนักศึกษาเข้าร่วมโครงการ 173 คน วัตถุประสงค์เพื่อเตรียมความพร้อมในการเรียน เพื่อสร้างความเข้มแข็งให้ตัวนักศึกษาทั้งความพร้อมด้านวิชาการและการทำงาน ความสามัคคีในหมู่คณะ และได้รู้จักเพื่อนใหม่ในรั้วมหาวิทยาลัย ณ ค่ายพระยาสุนทรธรรมดา (ค่ายรามอสูร) อ.เมือง จ.อุดรธานี</p>', 'news_5d64e57cab38c.jpg', 0, '2020-02-20 01:30:50', '2562', 001, 1),
(000025, 'โครงการพัฒนาศักยภาพบุคลากรสายสนับสนุน', 'วันที่ 28-29 กรกฎาคม 2562 คณะบริหารธุรกิจและเทคโนโลยีสารสนเทศ ได้จัดโครงการพัฒนาศักยภาพบุคลากรสายสนับสนุน ได้รับเกียรติจาก ดร.ปภาวิน พชรโชติสุธี คณบดีคณะบริหารธุรกิจและเทคโนโลยีสารสนเทศ เป็นประธานเปิดโครงการ พร้อมวิทยากรมาบรรยายการพัฒนาระบบงาน ได้แก่ อ.พัลลภ พรมสาเพ็ชร รองคณบดีฝ่ายบริหาร และ อาจารย์ ดร.อชิตพล พลเขต รองคณบดีฝ่ายพัฒนานักศึกษา โดยมีวัตถุประสงค์ เพื่อเพิ่มศักยภาพในการทำงานและจัดองค์ความรู้อย่างเป็นระบบ เพื่อเพิ่มพูนความรู้และประสบการณ์ในการทำงาน ของบุคลากรฝ่ายสนับสนุน โครงการจัดขึ้น ณ โรงแรมโขงซันไชน์ \r\nจ.บึงกาฬ', 'news_5d64e6738c4f8.jpg', 0, '2019-08-27 01:14:43', '2562', 001, 1),
(000026, 'โครงการทบทวนแผนยุทธศาสตร์คณะบริหารธุรกิจและเทคโนโลยีสารสนเทศ 2562', 'วันที่ 8-10 พฤษภาคม พ.ศ. 2562 แผนกงานแผนและประกันคุณภาพการศึกษา คณะบริหารธุรกิจและเทคโนโลยีสารสนเทศ ได้ดำเนินการจัดโครงการทบทวนแผนยุทธศาสตร์คณะบริหารธุรกิจและเทคโนโลยีสารสนเทศ ได้รับเกียรติจาก ผศ.ณรงค์ ผลวงษ์ รองอธิการบดีประจำวิทยาเขตขอนแก่น เป็นประธานเปิดโครงการ พร้อมกันนี้ อ.ดร.ปภาวิน พชรโชติสุธี คณบดีคณะบริหารธุรกิจและเทคโนโลยีสารสนเทศ ได้กล่าวรายงานความเป็นมาและวัตถุประสงค์ของโครงการ โครงการครั้งนี้จัดขึ้นเพื่อให้สอดคล้องกับสถานการณ์โลกที่เปลี่ยนไป และให้สอดคล้องกับแผนยุทธศาสตร์ของชาติ รวมถึงแผนยุทธศาสตร์ มทร.อีสาน วิทยาเขตขอนแก่น โดยการสร้างความร่วมมือของบุคลากรภายในคณะฯ เพื่อก่อให้เกิดการทำงานร่วมกัน ที่จะนำไปสู่การเพิ่มศักยภาพด้านการแข่งขันให้แก่คณะฯ และมหาวิทยาลัยต่อไป โดยจัดโครงการ ณ โรงแรมแลโขง ริเวอร์ รีสอร์ท จังหวัดอุบลราชธานี', 'news_5d64e6eb94c38.jpg', 0, '2019-08-27 01:16:43', '2562', 001, 1),
(000027, 'โครงการปฐมนิเทศและเตรียมความพร้อมนักศึกษาฝึกงาน ประจำปีการศึกษา 2561', 'วันที่ 28 มีนาคม 2562 เวลา 09.00 น. แผนกงานวิชาการและวิจัย งานบริการการศึกษา คณะบริหารธุรกิจและเทคโนโลยีสารสนเทศ ได้จัดโครงการปฐมนิเทศและเตรียมความพร้อมนักศึกษาฝึกงาน ประจำปีการศึกษา 2561 คณะบริหารธุรกิจและเทคโนโลยีสารสนเทศ หัวข้อ ศิลปะการวางตัวในสถานประกอบการ โดยได้รับเกียรติจาก ท่านอาจารย์ ดร.ปภาวิน พชรโชติสุธี คณบดีคณะบริหารธุรกิจและเทคโนโลยีสารสนเทศ มาเป็นประธานในพิธีเปิด โครงการนี้ได้รับเกียรติจากท่านวิทยากร อาจารย์จีราวัฒน์ มันทรา อาจารย์ประจำสาขาการจัดการ คณะวิทยาการจัดการ ศูนย์การศึกษามหาวิทยาลัยราชภัฏเลย จังหวัดขอนแก่น มาบรรยายการเตรียมตัวก่อนฝึกงานให้แก่นักศึกษา ที่จะเข้าฝึกงานในบริษัทหรือหน่วยงานต่างๆ ณ ห้องประชุมแคแสด ชั้น 4 อาคารวิทยบริการ (อาคาร 15) มหาวิทยาลัยเทคโนโลยีราชมงคลอีสาน วิทยาเขตขอนแก่น', 'news_5d64e78301244.jpg', 0, '2019-08-27 01:19:15', '2562', 001, 1),
(000029, 'โครงการปฐมนิเทศน์นักศึกษาใหม่ ประจำปีการศึกษา 2562', 'วันที่ 8-10 มิถุนายน 2562 คณะบริหารธุรกิจและเทคโนโลยีสารสนเทศ ได้จัดโครงการปฐมนิเทศน์นักศึกษาใหม่ ประจำปีการศึกษา 2562 ได้รับเกียรติจาก ผศ.ณรงค์ ผลวงษ์ รองอธิการบดีประจำวิทยาเขตขอนแก่นเป็นประธานเปิดโครงการ โดยมี อาจารย์ ดร.ปภาวิน พชรโชติสุธี คณบดีคณะบริหารธุรกิจฯ เป็นผู้กล่าวรายงาน โครงการนี้ มีนักศึกษาเข้าร่วมโครงการประมาณ 550 คน วัตถุประสงค์เพื่อเตรียมความพร้อมในการเรียน เพื่อสร้างความเข้มแข็งให้ตัวนักศึกษาทั้งความพร้อมด้านวิชาการและการทำงาน ความสามัคคี และได้รู้จักเพื่อนใหม่ในรั้วมหาวิทยาลัย ณ ค่ายพระยาสุนทรธรรมดา (ค่ายรามอสูร) อ.เมือง จ.อุดรธานี', 'news_5d64eaaebb4e4.jpg', 0, '2019-08-27 01:32:46', '2562', 001, 1),
(000030, 'โครงการอบรมความรู้ด้านการประกันคุณภาพการศึกษาแก่บุคลากรและนักศึกษา', 'วันที่ 2 พฤษภาคม พ.ศ. 2562 เวลา 09.00 น. แผนกงานแผนและประกันคุณภาพการศึกษา คณะบริหารธุรกิจและเทคโนโลยีสารสนเทศ ได้ดำเนินการจัดโครงการอบรมความรู้ด้านการประกันคุณภาพการศึกษาแก่บุคลากรและนักศึกษา ได้รับเกียรติจาก ท่านอาจารย์ ดร.ปภาวิน พชรโชตสุธี คณบดีคณะบริหารธุรกิจและเทคโนโลยีสารสนเทศ เป็นประธานเปิดโครงการ วิทยากรในโครงการครั้งนี้ ได้รับเกียรติจาก ดร.ภาวนา กิตติวิมลชัย นักวิเคราห์นโยบายและแผน ชำนาญการพิเศษ กองพัฒนาคุณภาพการศึกษา มหาวิทยาลัยขอนแก่น โดยโครงการนี้มีวัตถุประสงค์ เพื่อพัฒนาความรู้ให้กับอาจารย์ บุคลากร และนักศึกษาเกี่ยวกับระบบประกันคุณภาพและตัวชี้วัดต่างๆที่จำเป็นในการทำงาน และเพื่อเสริมสร้างประสบการณ์ทางด้านการประกันคุณภาพจริงแก่อาจารย์ บุคลากร และนักศึกษา', 'news_5d64eb0fed6f2.jpg', 0, '2019-08-27 01:34:23', '2562', 001, 1),
(000031, 'ประชุมวิชาการระดับชาติด้านอุตสาหกรรมการท่องเที่ยวและการบริการ 2562', 'การประชุมวิชาการระดับชาติด้านอุตสาหกรรมการท่องเที่ยวและการบริการ มหาวิทยาลัยเทคโนโลยีราชมงคลแห่งประเทศไทย พ.ศ. 2562 ซึ่งปีนี้ คณะบริหารธุรกิจและเทคโนโลยีสารสนเทศ มหาวิทยาลัยเทคโนโลยีราชมงคลอีสาน วิทยาเขตขอนแก่น รับเป็นเจ้าภาพ มีพิธีเปิดอย่างเป็นทางการ ในวันที่ 25 กุมภาพันธ์ 2562 โดยมี นาวาตรีวรวิทย์ เตชะสุภากูร ผู้ช่วยรัฐมนตรีประจำกระทรวงการท่องเที่ยวและกีฬา ได้ให้เกียรติเป็นประธานในพิธีเปิดงาน และปาฐกถาพิเศษ หัวข้อ นวัตกรรม 4.0 เพื่อพัฒนาอุตสาหกรรมการท่องเที่ยวและการบริการอย่างยั่งยืน ด้าน ผศ.ดร.วิโรจน์ ลิ้มไขแสง อธิการบดี มทร.อีสาน ในฐานะประธานคณะกรรมการอธิการบดีมหาวิทยาลัยเทคโนโลยีราชมงคล กล่าวว่า การประชุมวิชาการระดับชาติด้านอุตสาหกรรมการท่องเที่ยวและการบริการ มหาวิทยาลัยเทคโนโลยีราชมงคลแห่งประเทศไทย พ.ศ. 2562 จัดขึ้นภายใต้หัวข้อ นวัตกรรม 4.0 เพื่อพัฒนาอุตสาหกรรมการท่องเที่ยวและการบริการอย่างยั่งยืน เพื่อเป็นเวทีในการแลกเปลี่ยนความรู้ ประสบการณ์ ในการนำเสนอผลงานวิจัย การสร้างองค์ความรู้ในกลุ่มสาขาวิชาอุตสาหกรรมการท่องเที่ยวและการบริการ และสาขาอื่นๆ จากนักวิจัย ผู้เชี่ยวชาญ คณาจารย์ และนักศึกษา ทั้งในสังกัด มทร. ทั้ง 9 แห่ง และจากสถาบันอุดมศึกษาอื่นๆ ซึ่งจะได้มีเวทีในการเผยแพร่ผลงานวิจัยในระดับชาติ พร้อมทั้งเป็นโอกาสในการสร้างเครือข่ายความร่วมมือทางวิชาการด้านอุตสหกรรมการท่องเที่ยวและการบริการระหว่างสถาบันการศึกษาที่เข้าร่วมในการประชุมอีกด้วย สำหรับกิจกรรมภายในงาน มีการจัดนิทรรศการ 9 มหาวิทยาลัยเทคโนโลยีราชมงคลกับการท่องเที่ยวโดยชุมชนอย่างยั่งยืน ประกอบด้วย ชุมชนหมู่บ้านตากลาง จาก มทร.อีสาน, ชุมชนหมู่บ้านคลองบางปลากด จาก มทร.กรุงเทพ, ชุมชนนางเลิ้ง จาก มทร.พระนคร, ชุมชนบ้านร่องใหญ่ จาก มทร.ธัญบุรี, วิสาหกิจชุมชนเมืองเพชร จาก มทร.รัตนโกสินทร์, ชุมชนตำบลสามเรือน จาก มทร.สุวรรณภูมิ, ชุมชนปากน้ำกระแส จาก มทร.ตะวันออก, ชุมชนบ้านเขาหลัก จาก มทร.ศรีวิชัย และสุดท้าย ชุมชนม่อนล้าน จาก มทร.ล้านนา นอกจากนี้มีการจัดกิจกรรมเสวนา 9 มหาวิทยาลัยเทคโนโลยีราชมงคลกับการท่องเที่ยวโดยชุมชนอย่างยั่งยืน เพื่อสรุปปัญหาและอุปสรรคของการจัดการท่องเที่ยวโดยชุมชน ซึ่งกิจกรรมทั้งหมดภายในงานจะเป็นประโยชน์สำหรับสถาบันการศึกษาต่างๆ ได้นำไปปรับใช้ต่อยอดความคิดเพื่อช่วยเหลือและพัฒนาการท่องเที่ยวและบริการในพื้นที่ต่างๆ ทั่วประเทศไทยให้เกิดความมั่นคง มั่นคั่ง ยั่งยืนได้ต่อไป', 'news_5d64eb8b62f44.jpg', 0, '2019-08-27 01:36:27', '2562', 001, 1),
(000032, 'โครงการปัจฉิมนิเทศนักศึกษา 2561', 'วันที่ 24 กุมภาพันธ์ 2562 เวลา 08.30 น. แผนกงานพัฒนานักศึกษา งานบริการการศึกษา คณะบริหารธุรกิจและเทคโนโลยีสารสนเทศ จัดโครงการปัจฉิมนิเทศนักศึกษา คณะบริหารธุรกิจและเทคโนโลยีสารสนเทศ ประจำปีการศึกษา 2561 ได้รับเกียรติจาก อาจารย์ ดร.ปภาวิน พชรโชติสุธี คณบดีคณะบริหารธุรกิจและเทคโนโลยีสารสนเทศ เป็นประธานในพิธี เปิดโครงการ ณ ห้องประชุมแคแสด ชั้น 4 อาคารวิทยบริการ (อาคาร 15) มหาวิทยาลัยเทคโนโลยีราชมงคลอีสาน วิทยาเขตขอนแก่น โดยมีท่านวิทยากร ดร.กัญญกาญจน์ ไซเออร์ส รองคณบดีฝ่ายวิชาการและวิจัยคณะบริหารธุรกิจและเทคโนโลยีสารสนเทศ มาบรรยายการพัฒนาบุคลิกภาพ และคุณทัศไนย เหมือนเสน รองกรรมการผู้จัดการ บริษัท จัดหางาน จ๊อบบีเคเค ดอท คอม จำกัด บรรยายเรื่องการเตรียมตัวสำหรับหรับการทำงานในศตวรรษที่ 21 โครงการนี้วัตถุประสงค์ เพื่อให้นักศึกษาทราบถึงแนวทางการปฏิบัติตน เกี่ยวกับการเตรียมความพร้อมการประกอบอาชีพ ขั้นตอนในการสมัครงาน การสอบสัมภาษณ์งาน การรายงานตัว ตลอดจนการพัฒนาบุคลิกภาพ การปฏิบัติตนอยู่ในสังคมการทำงาน ได้อย่างมีประสิทธิภาพ', 'news_5d64ec0d49d82.jpg', 0, '2019-08-27 01:38:37', '2562', 001, 1),
(000033, 'ประชุมกรรมการประจำคณะบริหารธุรกิจฯ ครั้งที่ 7/2562', 'วันที่ 23 สิงหาคม 2562 เวลา 09:00 น. ดร.ปภาวิน พชรโชติสุธี คณบดีคณะบริหารธุรกิจและเทคโนโลยีสารสนเทศ เป็นประธานการประชุมกรรมการประจำคณะบริหารธุรกิจฯ ครั้งที่ 7/2562 การประชุมครั้งนี้ได้รับเกียรติจาก กรรมการผู้ทรงคุณวุฒิ ผศ.ดร.อรวรรณ จุลลัษเฐียร เข้าร่วมประชุม ณ ห้องประชุมประดู่ทอง อาคาร 1 ชั้น 2 มทร.อีสาน วิทยาเขตขอนแก่น', 'news_5d64ece800272.jpg', 0, '2019-08-27 01:42:16', '2562', 001, 1),
(000034, 'ขอเชิญร่วมโหวต ร่วมกดถูกใจ และกดแชร์รูปภาพผู้เข้าประกวด FBAIT FRESHY 2019', 'เปิดขายบัตรวันพรุ่งนี้ - 25 สิงหาคม 2562 ขายบัตรสองรอบต่อวัน 12:00-13:00 น. และ 16:00-18:00 น. วันจันทร์-อาทิต โดยบัตรโหวตสีชมพูคือดาว(G) สีฟ้าคือเดือน(B) และสีเขียวคือดาวเทียม(L) โดยคะแนนทั้งหมดจะนำไปรวบรวมเป็นรางวัล Popular vote. สามารถซื้อบัตรโหวตได้ที่ห้องสโมสรนักศึกษา ตึก11 ชั้น1 ข้างห้องพักอาจารย์สาขาบัญชี', 'news_5d64ee87e2462.jpg', 0, '2019-08-27 01:49:11', '2562', 001, 1),
(000035, 'กำหนดรับบัตรนักศึกษาปี 2562', 'บัตรนักศึกษามาแล้วนะคะ 21-22 สิงหาคม 62 ไปรับที่ห้องประชุมแคแสด ชั้น 4 อาคารวิทยบริการ', 'news_5d64ef0ff08cc.jpg', 0, '2019-08-27 01:51:27', '2562', 001, 1),
(000036, 'โครงการฝึกอบรมเรื่อง สถาบันพระมหากษัตริย์กับประเทศไทย', 'วันที่ 14 สิงหาคม 2562 เวลา 09.00 น. คณะบริหารธุรกิจและเทคโนโลยีสารเทศ มหาวิทยาลัยเทคโนโลยีราชมงคลอีสาน วิทยาเขตขอนแก่น จัดโครงการฝึกอบรมเรื่อง สถาบันพระมหากษัตริย์กับประเทศไทย โดยวิทยากรจากหลักสูตรจิตอาสา 904 หลักสูตรหลักประจำ รุ่นที่ 2/61 เป็นเบ้า เป็น แม่พิมพ์ ได้รับเกียรติจาก อาจารย์ ดร.ปภาวิน พชรโชติสุธี คณบดีคณะบริหารธุรกิจและเทคโนโลยีสารสนเทศ เป็นประธานในพิธี ณ ห้องประชุมสัมมนา 2 อาคาร 50 ปี เทคนิคไทย-เยอรมัน และในช่วงบ่ายได้จัดกิจกรรม เราทำความ ดี ด้วยหัวใจ นำโดย อาจารย์ ดร.ปภาวิน พชรโชติสุธี คณบดีคณะบริหารธุรกิจและเทคโนโลยีสารสนเทศ พร้อมผู้บริหาร คณาจารย์ บุคลากร และนักศึกษาจิตอาสา ลงพื้นที่ทำความสะอาด ภายในมหาวิทยาลัยเทคโนโลยีราชมงคลอีสาน วิทยาเขตขอนแก่น โรงเรียนบ้านโนนชัย และวัดมรรคสำราญ ให้มีความสะอาดสวยงาม เพื่อแสดงพลังแห่งความสามัคคีและร่วมเป็นประชาชนจิตอาสา', 'news_5d64ef75531a9.jpg', 0, '2019-08-27 01:53:09', '2562', 001, 1),
(000037, 'กิจกรรมเชียร์กลาง', 'กำหนดการจัดกิจกรรมเชียร์กลาง สถานที่มหาวิทยาลัยเทคโนโลยีราชมงคลอีสาน วิทยาเขตขอนแก่น ในวันที่ 30 เดือนกรกฎาคม พ.ศ.2562 นักศึกษาที่เข้าร่วมกิจกรรมจะได้ หน่วยกิตด้านกิจกรรมบังคับเลือก 5 หน่วยกิต', 'news_5d64f09d45f2c.jpg', 1, '2019-08-27 02:00:02', '2562', 002, 1),
(000038, 'บริจาคโลหิต ประจำเดือน กรกฎาคม 2562', 'บริจาคโลหิต ประจำเดือน กรกฎาคม 2562 สถานที่มหาวิทยาลัยเทคโนโลยีราชมงคลอีสาน วิทยาเขตขอนแก่น ในวันที่ 16 เดือนสิงหาคม พ.ศ.2562 นักศึกษาที่เข้าร่วมกิจกรรมจะได้ หน่วยกิตด้าน MD 5 หน่วยกิต', 'news_5d64f1a00cc25.jpg', 1, '2019-08-27 02:02:24', '2562', 002, 1),
(000039, 'โครงการอบรมภาษาอังกฤษ Exit Exam', 'โครงการอบรมภาษาอังกฤษ Exit Exam สถานที่มหาวิทยาลัยเทคโนโลยีราชมงคลอีสาน วิทยาเขตขอนแก่น ในวันที่ 2 เดือนกุมภาพันธ์ พ.ศ.2562 นักศึกษาที่เข้าร่วมกิจกรรมจะได้ หน่วยกิตด้าน AD 5 หน่วยกิต', 'news_5d64f2a4ed98a.jpg', 1, '2019-08-27 02:07:00', '2562', 002, 1),
(000040, 'วันคล้ายวันสถาปนาวิทยาเขตขอนแก่น', 'วันคล้ายวันสถาปนาวิทยาเขตขอนแก่น สถานที่มหาวิทยาลัยเทคโนโลยีราชมงคลอีสาน วิทยาเขตขอนแก่น ในวันที่ 14 เดือนมีนาคม พ.ศ.2562 นักศึกษาที่เข้าร่วมกิจกรรมจะได้ หน่วยกิตด้านกิจกรรมบังคับ 5 หน่วยกิต', 'news_5d64f3a566c9d.jpg', 1, '2019-08-27 02:11:01', '2562', 002, 1),
(000043, 'กิจกรรมทำความสะอาด', 'วันที่ 24 มกราคม เวลา 8.00 น ได้หน่วยกิต 5 หน่วย ในด้าน HD', 'news_5e2aebb7653ce.jpg', 0, '2020-01-24 20:06:45', '2562', 002, 1);

-- --------------------------------------------------------

--
-- Table structure for table `newstype`
--

CREATE TABLE `newstype` (
  `newstype_id` int(3) UNSIGNED ZEROFILL NOT NULL,
  `newstype_detail` varchar(100) NOT NULL
) ENGINE=InnoDB DEFAULT CHARSET=utf8;

--
-- Dumping data for table `newstype`
--

INSERT INTO `newstype` (`newstype_id`, `newstype_detail`) VALUES
(001, 'ข่าวประชาสัมพันธ์'),
(002, 'ข่าวกิจกรรม'),
(004, 'ข่าวทุนการศึกษา');

-- --------------------------------------------------------

--
-- Table structure for table `qrcodes`
--

CREATE TABLE `qrcodes` (
  `qrcode_id` int(11) NOT NULL,
  `qrUsername` varchar(250) NOT NULL,
  `qrContent` varchar(250) NOT NULL,
  `qrImg` varchar(250) NOT NULL,
  `qrlink` text NOT NULL,
  `activities_id` int(11) NOT NULL
) ENGINE=MyISAM DEFAULT CHARSET=latin1;

--
-- Dumping data for table `qrcodes`
--

INSERT INTO `qrcodes` (`qrcode_id`, `qrUsername`, `qrContent`, `qrImg`, `qrlink`, `activities_id`) VALUES
(64, '', '51 ...Develop By Ravi Khadka', 'meravi485109424.png', 'localhost/qrcodemeravi485109424.png', 51),
(74, '', '49 ...Develop By Ravi Khadka', 'meravi179274332.png', 'localhost/QR-Scanner-Generator-mastermeravi179274332.png', 49),
(111, '', '101 ...Develop By Ravi Khadka', 'meravi110953676.png', 'localhost/QR-Scanner-Generator-mastermeravi110953676.png', 101),
(109, '', '102 ...Develop By Ravi Khadka', 'meravi1093705494.png', 'localhost/QR-Scanner-Generator-mastermeravi1093705494.png', 102),
(122, '', '104 ...Develop By BIS', 'meravi1598084040.png', 'localhost/QR-Scanner-Generator-mastermeravi1598084040.png', 104),
(125, '', '105', 'meravi45849507.png', 'localhost/QR-Scanner-Generator-mastermeravi45849507.png', 105),
(131, '', '63112', 'meravi1749039420.png', 'localhost/QR-Scanner-Generator-mastermeravi1749039420.png', 63112),
(132, '', '63111', 'meravi851582817.png', 'localhost/QR-Scanner-Generator-mastermeravi851582817.png', 63111),
(133, '', '63222', 'meravi307555371.png', 'localhost/QR-Scanner-Generator-mastermeravi307555371.png', 63222),
(134, '', '6111112', 'meravi1128122719.png', 'localhost/QR-Scanner-Generator-mastermeravi1128122719.png', 6111112),
(135, '', '6111111', 'meravi922554573.png', 'localhost/QR-Scanner-Generator-mastermeravi922554573.png', 6111111),
(136, '', '6111113', 'meravi1395837924.png', 'localhost/QR-Scanner-Generator-mastermeravi1395837924.png', 6111113),
(137, '', '100', 'meravi509103810.png', 'localhost/QR-Scanner-Generator-mastermeravi509103810.png', 100),
(138, '', '103', 'meravi1148906825.png', 'localhost/QR-Scanner-Generator-mastermeravi1148906825.png', 103),
(139, '', '99', 'meravi1505103347.png', 'localhost/QR-Scanner-Generator-mastermeravi1505103347.png', 99),
(140, '', '98', 'meravi1011786925.png', 'localhost/QR-Scanner-Generator-mastermeravi1011786925.png', 98),
(141, '', '97', 'meravi908781475.png', 'localhost/QR-Scanner-Generator-mastermeravi908781475.png', 97),
(142, '', '96', 'meravi941975702.png', 'localhost/QR-Scanner-Generator-mastermeravi941975702.png', 96),
(143, '', '95', 'meravi254660073.png', 'localhost/QR-Scanner-Generator-mastermeravi254660073.png', 95),
(144, '', '89', 'meravi445657436.png', 'localhost/QR-Scanner-Generator-mastermeravi445657436.png', 89),
(145, '', '80', 'meravi1719233016.png', 'localhost/QR-Scanner-Generator-mastermeravi1719233016.png', 80),
(146, '', '86', 'meravi2047904938.png', 'localhost/QR-Scanner-Generator-mastermeravi2047904938.png', 86),
(147, '', '84', 'meravi1263010299.png', 'localhost/QR-Scanner-Generator-mastermeravi1263010299.png', 84),
(148, '', '78', 'meravi638634791.png', 'localhost/QR-Scanner-Generator-mastermeravi638634791.png', 78),
(149, '', '71', 'meravi127775755.png', 'localhost/QR-Scanner-Generator-mastermeravi127775755.png', 71),
(150, '', '63', 'meravi104666993.png', 'localhost/QR-Scanner-Generator-mastermeravi104666993.png', 63),
(151, '', '54', 'meravi561122283.png', 'localhost/QR-Scanner-Generator-mastermeravi561122283.png', 54),
(152, '', '53', 'meravi1664222490.png', 'localhost/QR-Scanner-Generator-mastermeravi1664222490.png', 53),
(153, '', '36', 'meravi301474641.png', 'localhost/QR-Scanner-Generator-mastermeravi301474641.png', 36),
(154, '', '40', 'meravi780143554.png', 'localhost/QR-Scanner-Generator-mastermeravi780143554.png', 40),
(155, '', '42', 'meravi1664300934.png', 'localhost/QR-Scanner-Generator-mastermeravi1664300934.png', 42),
(156, '', '48', 'meravi616939715.png', 'localhost/QR-Scanner-Generator-mastermeravi616939715.png', 48),
(157, '', '92', 'meravi1999097993.png', 'localhost/QR-Scanner-Generator-mastermeravi1999097993.png', 92),
(158, '', '50', 'meravi161978913.png', 'localhost/QR-Scanner-Generator-mastermeravi161978913.png', 50),
(159, '', '55', 'meravi1173078191.png', 'localhost/QR-Scanner-Generator-mastermeravi1173078191.png', 55),
(160, '', '61', 'meravi1172807543.png', 'localhost/QR-Scanner-Generator-mastermeravi1172807543.png', 61),
(162, '', '6111117', 'meravi1446384471.png', 'localhost/QR-Scanner-Generator-mastermeravi1446384471.png', 6111117),
(165, '', '6111118', 'meravi1568894434.png', 'localhost/QR-Scanner-Generator-mastermeravi1568894434.png', 6111118),
(166, '', '6111119', 'meravi1755786904.png', 'localhost/QR-Scanner-Generator-mastermeravi1755786904.png', 6111119),
(167, '', '6111116', 'meravi383858182.png', 'localhost/QR-Scanner-Generator-mastermeravi383858182.png', 6111116);

-- --------------------------------------------------------

--
-- Table structure for table `students`
--

CREATE TABLE `students` (
  `student_id` varchar(50) NOT NULL,
  `student_password` varchar(20) NOT NULL,
  `student_img` varchar(100) NOT NULL,
  `student_name` varchar(50) NOT NULL,
  `student_lastname` varchar(50) NOT NULL,
  `student_gender` varchar(10) NOT NULL,
  `year_id` varchar(10) NOT NULL,
  `group_id` int(11) NOT NULL,
  `class_id` int(11) NOT NULL,
  `subject_id` int(11) NOT NULL,
  `student_telephone` varchar(10) NOT NULL,
  `student_email` varchar(50) NOT NULL,
  `student_address` varchar(255) NOT NULL
) ENGINE=InnoDB DEFAULT CHARSET=utf8;

--
-- Dumping data for table `students`
--

INSERT INTO `students` (`student_id`, `student_password`, `student_img`, `student_name`, `student_lastname`, `student_gender`, `year_id`, `group_id`, `class_id`, `subject_id`, `student_telephone`, `student_email`, `student_address`) VALUES
('56342110015-7', '1234', 'student.jpg', 'อมรวรรณ', 'วันดีสุข', 'หญิง', '2556', 13, 1, 1, '0980054387', 'amam77@hotmail.com', '90 ม.1 บ้านน้อย ต.หินตั้ง อ.เมือง จ.อุดร 48000'),
('56342110112-7', '1234', 'student.jpg', 'ดรนัย', 'มาหานคร', 'ชาย', '2556', 13, 1, 7, '0998044312', 'nutnut676@hotmail.com', '11 ม.1 ต.พระคือ อ.เมือง จ.ขอนแก่น 40000'),
('57342110133-0', '1234', 'student.jpg', 'ไชยา', 'หฤทัย', 'ชาย', '2557', 13, 1, 2, '0882918765', 'caiya2522_17@hotmail.com', '32 ม.6 ต.ศิลา อ.เมือง จ.ขอนแก่น 40000'),
('57342110199-0', '1234', 'student.jpg', 'อาริยา', 'ลือชาคำ', 'หญิง', '2557', 13, 1, 1, '0998231761', 'ariya2538@hotmail.com', '24 ม.15 ต.กุดรัง อ.กุดรัง จ.มหาสารคาม 45400'),
('58342110110-3', '1234', 'student.jpg', 'เนตรนภา', 'ศรีงาม', 'หญิง', '2558', 13, 1, 2, '0618825483', 'Bo_netnapa@hotmail.com', '62 ม.14 ต.ห้วยค้อ อ.ชนบท จ.ขอนแก่น 40180'),
('58342110172-6', '1234', '58342110172-6.jpg', 'ณัฐพงษ์', 'บุระคำ', 'ชาย', '2558', 2, 1, 1, '', '', ''),
('58342110186-4', '1234', 'student.jpg', 'วัลภา', 'วรมาศพฤกษา', 'หญิง', '2558', 2, 1, 1, '', '', ''),
('58342110200-0', '1234', 'student.jpg', 'สกุลรัตน์', 'บุญมี', 'หญิง', '2558', 2, 1, 1, '', '', ''),
('58342110217-8', '1234', 'student.jpg', 'ธนัช', 'เกษมสุข', 'ชาย', '2558', 2, 1, 1, '', '', ''),
('58342110222-4', '1234', 'student.jpg', 'พัชนิดา', 'ธโนปจัย', 'หญิง', '2558', 13, 1, 7, '0823003937', 'nooknik_2539', '10 ม.5 บ้านกุดเพียขอม ต.หินตั้ง อ.ชุมแพ จ.ขอนแก่น 40740'),
('58342110223-6', '1234', '58342110223-6.jpg', 'ธนบัตร', 'ปาปะโข', 'ชาย', '2558', 2, 1, 1, '0807518632', 'ngerntanabut@gmail.com', '244 ม.14 บ้านเรา ต.ท่าพระอ.เมือง ขอนแก่น'),
('58342110232-0', '1234', 'student.jpg', 'โยทิน', 'สีดา', 'ชาย', '2558', 13, 1, 3, '0892761234', 'yoten444@hotmail.com', '678 ม.1 ต.ในเมือง อ.เมือง จ.เลย 57000'),
('58342110238-4', '1234', 'student.jpg', 'บุรินทร์', 'รู้หลัก', 'ชาย', '2558', 2, 1, 1, '', '', ''),
('58342110351-1', '1234', 'student.jpg', 'กรรณิกา', 'ศรีมหาบุตร', 'หญิง', '2558', 13, 1, 1, '0986752319', 'kunnika111@hotmail.com', '33 ม.3 ต.เมือง อ.ชนบท จ.ขอนแก่น 40180'),
('58342110352-0', '1234', 'student.jpg', 'ดนัย', 'นครศรี', 'ชาย', '2558', 13, 1, 2, '0887291765', 'danai_213@hotmail.com', '6 ม.1 ต.ห้วยแวงไร่ อ.เมือง จ.กาฬสินธ์ 40200'),
('58342110355-8', '1234', 'student.jpg', 'ปนัดดา', 'ไร่ขาม', 'หญิง', '2558', 13, 1, 1, '0850029779', 'nutty_panudda@hotmail.com', '260 ม.6 บ้านละว้า ต.เมืองเพีย อ.บ้านไผ่ จ.ขอนแก่น 40110'),
('59342110112-1', '1234', 'student.jpg', 'ศรันยา', 'นาซิน', 'หญิง', '2559', 13, 1, 7, '0892711874', 'Sarunya_221@hotmail.com', '131 ถ.มิตรภาพ ต.บ้านแฮด อ.บ้านแฮด จ.ขอนแก่น 40120'),
('59342110123-0', '1234', 'student.jpg', 'สหรัฐ', 'นามดี', 'ชาย', '2559', 6, 2, 1, '0988762918', 'panpan00@hotmail.com', '9 ซ.ศรีจันทร์40 ถ.ศรีจันทร์ ต.ในเมือง อ.เมือง จ.ขอนแก่น 40000'),
('59342110133-0', '1234', 'student.jpg', 'ธวัลรัตน์', 'สิริมา', 'หญิง', '2559', 3, 1, 1, '0676881423', 'loveyou_355@hotmail.com', '2/1 ม.8 ต.ในเมือง อ.เมือง จ.เลย 57000'),
('59342110252-1', '1234', 'student.jpg', 'ปริชาติ', 'ดีสวัส', 'หญิง', '2559', 13, 1, 2, '0985112908', 'paripari@hotmail.com', '3 ซ.ประชาสโมสร40 ถ.ประชาสโมสร ต.ในเมือง อ.เมือง จ.ขอนแก่น 40000'),
('59342110335-4', '1234', 'student.jpg', 'ไวทยา', 'ธงชัย', 'ชาย', '2559', 3, 1, 1, '0985573281', 'waitaya_11@hotmail.com', '34/1 ม.2 ต.ในเมือง อ.เมือง จ.เลย 57000'),
('60342110211-7', '1234', 'student.jpg', 'ศิริวรรณ', 'ทบวิชา', 'หญิง', '2560', 3, 1, 7, '0988725361', 'Amam_112@hotmail.com', '499 ม.11 บ้านกุดเชือก ต.เปือยน้อย อ.บ้านไผ่ จ.ขอนแก่น 40110'),
('60342110223-1', '1234', 'student.jpg', 'กวิน', 'ผิวหอม', 'ชาย', '2560', 6, 2, 3, '0873522716', 'kawin_win@hotmail.com', '45 ม.7 ต.ศรีบุญเรือง อ.ชุมแพ จ.ขอนแก่น 40570'),
('61342110218-9', '1234', 'student.jpg', 'สมศรี', 'พงษ์สีมา', 'หญิง', '2561', 2, 1, 5, '0873665123', 'samsri009@hotmail.com', '23 ม.9  บ้านศิลา ต.ศิลา อ.เมือง จ.ขอนแก่น 40000'),
('61342110224-5', '1234', 'student.jpg', 'ศิริโชค', 'ไร่เขือ', 'ชาย', '2561', 6, 2, 2, '0892762675', 'chok08@hotmail.com', '91 ซ.ศรีจันทร์32 ถ.ศรีจันทร์ ต.ในเมือง อ.เมือง จ.ขอนแก่น 40000'),
('61342110234-1', '1234', 'student.jpg', 'ฝนทอง', 'สง่าเนตร', 'หญิง', '2561', 2, 1, 4, '0618725362', 'fonthongjaaa@gmail.com', '665 ม.8 ต.แสงทอง อ.ภูเขียว จ.ขอนแก่น 40350'),
('61342110277-0', '1234', 'student.jpg', 'รัชดา', 'สมหวัง', 'หญิง', '2561', 6, 2, 1, '0922107653', 'rutdaaa89@hotmail.com', '55 ซ.ศรีจันทร์12 ถ.ศรีจันทร์ ต.ในเมือง อ.เมือง จ.ขอนแก่น 40000'),
('61342110334-4', '1234', 'student.jpg', 'กิ่งกมล', 'บุตรพรม', 'หญิง', '2561', 2, 1, 5, '0998352109', 'mymyza555@hotmail.com', '77/7 ม.10 บ้านหนองน้ำใส ต.หัวหนอง อ.บ้านไผ่ จ.ขอนแก่น 40170'),
('62342110008-7', '1234', 'student.jpg', 'ยลดา', 'สุขศรี', 'หญิง', '2562', 1, 1, 4, '0876652981', 'yoldanaka_62@hotmail.com', '100 ม.8 ต.เชียงยืน อ.เชียงยืน จ.มหาสารคาม 40500'),
('62342110102-3', '1234', 'student.jpg', 'พลวัตน์', 'จตุรวงศ์', 'ชาย', '2562', 5, 2, 2, '0982343716', 'ponrawat_101@hotmail.com', '7 ซ.เทวาภิบาล17 ถ.เทวาภิบาล ต.ในเมือง อ.เมืองร้อยเอ็ด จ.ร้อยเอ็ด 45000'),
('62342110123-4', '1234', 'student.jpg', 'สุจิตรา', 'ป่าเกลือ', 'หญิง', '2562', 1, 1, 4, '0851137654', 'noknoii2334@hotmail.com', '556/1 ม.2 ต.ในเมือง อ.เมือง จ.ยโสธร 60000'),
('62342110143-3', '1234', 'student.jpg', 'ลักขณา', 'ไทยธง', 'หญิง', '2562', 1, 1, 5, '0981232109', 'lukkun_33@hotmail.com', '18 ม.7 บ้านชีกกค้อ ต.เมืองเพีย อ.บ้านไผ่ จ.ขอนแก่น 40110'),
('62342110222-7', '1234', 'student.jpg', 'เนตรหทัย', 'ศรีวงศ์', 'หญิง', '2562', 1, 1, 4, '0998124351', 'manmmm_77@hotmail.com', '2 ซ.เทศบาล17 ถ.เทศบาล ต.ในเมือง อ.เมืองร้อยเอ็ด จ.ร้อยเอ็ด 45000'),
('62342110266-0', '1234', 'student.jpg', 'รุ่งนภา', 'เขียวภูเขียน', 'หญิง', '2562', 1, 1, 5, '0887992514', 'mix_rungrung@hotmail.com', '887 ซ.เหล่านาดี40 ถ.เหล่านาดี ต.ในเมือง อ.เมือง จ.ขอนแก่น 40000'),
('62342110300-9', '1234', 'student.jpg', 'นันทชัย', 'งามเหลือ', 'ชาย', '2562', 5, 2, 1, '0892744189', 'nuntacai_29@hotmail.com', '34 ซ.เทวาภิบาล9 ถ.เทวาภิบาล ต.ในเมือง อ.เมืองร้อยเอ็ด จ.ร้อยเอ็ด 45000'),
('62342110333-2', '1234', 'student.jpg', 'วศิน', 'สอนวงศ์', 'ชาย', '2562', 1, 1, 3, '0997554921', 'beerza_101@hotmail.com', '209/2 ม.10 ต.ปากชม อ.ปากชม จ.เลย 57100'),
('62342110342-1', '1234', 'student.jpg', 'นนทวัตน์', 'ศรีบุญเรือง', 'ชาย', '2562', 5, 2, 3, '0883247710', 'nontawat_555@hotmail.com', '67 ซ.ประชาสโมสร39 ถ.ประชาสโมสร ต.ในเมือง อ.เมือง จ.ขอนแก่น 40000'),
('6334211011-1', '6334211011-1', 'student.jpg', 'สมใจ', 'ดีงาม', 'ชาย', '2562', 2, 1, 1, '', '', ''),
('6334211022-2', '6334211022-2', 'student.jpg', 'กมล', 'ทองใส', 'หญิง', '2562', 2, 1, 1, '', '', ''),
('6334211033-3', '6334211033-3', 'student.jpg', 'ข้าวขวัญ', 'สีสยาม', 'หญิง', '2562', 2, 1, 1, '', '', ''),
('6334211044-4', '6334211044-4', 'student.jpg', 'ขุนพล', 'ช่อแก้ว', 'ชาย', '2562', 2, 1, 1, '', '', ''),
('6334211055-5', '6334211055-5', 'student.jpg', 'ฉันทะ', 'ชวนชม', 'ชาย', '2562', 2, 1, 1, '', '', ''),
('6334211066-6', '6334211066-6', 'student.jpg', 'ชลมาศ', 'นอบน้อม', 'หญิง', '2562', 2, 1, 1, '', '', ''),
('6334211077-7', '6334211077-7', 'student.jpg', 'ชะเอม', 'ใบบุญ', 'หญิง', '2562', 2, 1, 1, '', '', ''),
('6334211088-8', '6334211088-8', 'student.jpg', 'ซื่อตรง', 'บวกรัก', 'ชาย', '2562', 2, 1, 1, '', '', ''),
('6334211099-9', '6334211099-9', 'student.jpg', 'ดุจหนึ่ง', 'ผ่องใส', 'ชาย', '2562', 2, 1, 1, '', '', '');

-- --------------------------------------------------------

--
-- Table structure for table `students_class`
--

CREATE TABLE `students_class` (
  `class_id` int(11) NOT NULL,
  `class_student` varchar(255) NOT NULL
) ENGINE=InnoDB DEFAULT CHARSET=utf8;

--
-- Dumping data for table `students_class`
--

INSERT INTO `students_class` (`class_id`, `class_student`) VALUES
(1, 'หลักสูตรปกติ'),
(2, 'หลักสูตรเทียบโอน');

-- --------------------------------------------------------

--
-- Table structure for table `student_group`
--

CREATE TABLE `student_group` (
  `group_id` int(11) NOT NULL,
  `class_id` int(11) NOT NULL,
  `group_detaill` varchar(100) NOT NULL
) ENGINE=InnoDB DEFAULT CHARSET=utf8;

--
-- Dumping data for table `student_group`
--

INSERT INTO `student_group` (`group_id`, `class_id`, `group_detaill`) VALUES
(1, 1, 'N1'),
(2, 1, 'N2'),
(3, 1, 'N3'),
(4, 2, 'Q'),
(5, 2, 'Q1'),
(6, 2, 'Q2'),
(7, 2, 'R'),
(8, 2, 'R1'),
(9, 2, 'R2'),
(10, 2, 'R3'),
(12, 2, 'R4'),
(13, 1, 'N4'),
(14, 1, 'N5');

-- --------------------------------------------------------

--
-- Table structure for table `student_subject`
--

CREATE TABLE `student_subject` (
  `subject_id` int(11) NOT NULL,
  `subject_name` varchar(100) NOT NULL
) ENGINE=InnoDB DEFAULT CHARSET=utf8;

--
-- Dumping data for table `student_subject`
--

INSERT INTO `student_subject` (`subject_id`, `subject_name`) VALUES
(1, 'ระบบสารสนเทศ'),
(2, 'การตลาด'),
(3, 'บัญชี'),
(4, 'โลจิสติกส์'),
(5, 'ท่องเที่ยวและบริการ'),
(7, 'การจัดการ'),
(8, 'วิทยาศาสตร์');

-- --------------------------------------------------------

--
-- Table structure for table `student_year`
--

CREATE TABLE `student_year` (
  `year_id` varchar(10) NOT NULL
) ENGINE=InnoDB DEFAULT CHARSET=utf8;

--
-- Dumping data for table `student_year`
--

INSERT INTO `student_year` (`year_id`) VALUES
('2555'),
('2556'),
('2557'),
('2558'),
('2559'),
('2560'),
('2561'),
('2562'),
('2563');

-- --------------------------------------------------------

--
-- Table structure for table `tbl_provinces`
--

CREATE TABLE `tbl_provinces` (
  `province_id` int(5) NOT NULL,
  `province_code` varchar(2) COLLATE utf8_unicode_ci NOT NULL,
  `province_name` varchar(150) COLLATE utf8_unicode_ci NOT NULL,
  `province_name_eng` varchar(150) COLLATE utf8_unicode_ci NOT NULL,
  `geo_id` int(5) NOT NULL DEFAULT '0'
) ENGINE=MyISAM DEFAULT CHARSET=utf8 COLLATE=utf8_unicode_ci;

--
-- Dumping data for table `tbl_provinces`
--

INSERT INTO `tbl_provinces` (`province_id`, `province_code`, `province_name`, `province_name_eng`, `geo_id`) VALUES
(1, '10', 'กรุงเทพมหานคร', 'Bangkok', 2),
(2, '11', 'สมุทรปราการ', 'Samut Prakan', 2),
(3, '12', 'นนทบุรี', 'Nonthaburi', 2),
(4, '13', 'ปทุมธานี', 'Pathum Thani', 2),
(5, '14', 'พระนครศรีอยุธยา', 'Phra Nakhon Si Ayutthaya', 2),
(6, '15', 'อ่างทอง', 'Ang Thong', 2),
(7, '16', 'ลพบุรี', 'Loburi', 2),
(8, '17', 'สิงห์บุรี', 'Sing Buri', 2),
(9, '18', 'ชัยนาท', 'Chai Nat', 2),
(10, '19', 'สระบุรี', 'Saraburi', 2),
(11, '20', 'ชลบุรี', 'Chon Buri', 5),
(12, '21', 'ระยอง', 'Rayong', 5),
(13, '22', 'จันทบุรี', 'Chanthaburi', 5),
(14, '23', 'ตราด', 'Trat', 5),
(15, '24', 'ฉะเชิงเทรา', 'Chachoengsao', 5),
(16, '25', 'ปราจีนบุรี', 'Prachin Buri', 5),
(17, '26', 'นครนายก', 'Nakhon Nayok', 2),
(18, '27', 'สระแก้ว', 'Sa Kaeo', 5),
(19, '30', 'นครราชสีมา', 'Nakhon Ratchasima', 3),
(20, '31', 'บุรีรัมย์', 'Buri Ram', 3),
(21, '32', 'สุรินทร์', 'Surin', 3),
(22, '33', 'ศรีสะเกษ', 'Si Sa Ket', 3),
(23, '34', 'อุบลราชธานี', 'Ubon Ratchathani', 3),
(24, '35', 'ยโสธร', 'Yasothon', 3),
(25, '36', 'ชัยภูมิ', 'Chaiyaphum', 3),
(26, '37', 'อำนาจเจริญ', 'Amnat Charoen', 3),
(27, '39', 'หนองบัวลำภู', 'Nong Bua Lam Phu', 3),
(28, '40', 'ขอนแก่น', 'Khon Kaen', 3),
(29, '41', 'อุดรธานี', 'Udon Thani', 3),
(30, '42', 'เลย', 'Loei', 3),
(31, '43', 'หนองคาย', 'Nong Khai', 3),
(32, '44', 'มหาสารคาม', 'Maha Sarakham', 3),
(33, '45', 'ร้อยเอ็ด', 'Roi Et', 3),
(34, '46', 'กาฬสินธุ์', 'Kalasin', 3),
(35, '47', 'สกลนคร', 'Sakon Nakhon', 3),
(36, '48', 'นครพนม', 'Nakhon Phanom', 3),
(37, '49', 'มุกดาหาร', 'Mukdahan', 3),
(38, '50', 'เชียงใหม่', 'Chiang Mai', 1),
(39, '51', 'ลำพูน', 'Lamphun', 1),
(40, '52', 'ลำปาง', 'Lampang', 1),
(41, '53', 'อุตรดิตถ์', 'Uttaradit', 1),
(42, '54', 'แพร่', 'Phrae', 1),
(43, '55', 'น่าน', 'Nan', 1),
(44, '56', 'พะเยา', 'Phayao', 1),
(45, '57', 'เชียงราย', 'Chiang Rai', 1),
(46, '58', 'แม่ฮ่องสอน', 'Mae Hong Son', 1),
(47, '60', 'นครสวรรค์', 'Nakhon Sawan', 2),
(48, '61', 'อุทัยธานี', 'Uthai Thani', 2),
(49, '62', 'กำแพงเพชร', 'Kamphaeng Phet', 2),
(50, '63', 'ตาก', 'Tak', 4),
(51, '64', 'สุโขทัย', 'Sukhothai', 2),
(52, '65', 'พิษณุโลก', 'Phitsanulok', 2),
(53, '66', 'พิจิตร', 'Phichit', 2),
(54, '67', 'เพชรบูรณ์', 'Phetchabun', 2),
(55, '70', 'ราชบุรี', 'Ratchaburi', 4),
(56, '71', 'กาญจนบุรี', 'Kanchanaburi', 4),
(57, '72', 'สุพรรณบุรี', 'Suphan Buri', 2),
(58, '73', 'นครปฐม', 'Nakhon Pathom', 2),
(59, '74', 'สมุทรสาคร', 'Samut Sakhon', 2),
(60, '75', 'สมุทรสงคราม', 'Samut Songkhram', 2),
(61, '76', 'เพชรบุรี', 'Phetchaburi', 4),
(62, '77', 'ประจวบคีรีขันธ์', 'Prachuap Khiri Khan', 4),
(63, '80', 'นครศรีธรรมราช', 'Nakhon Si Thammarat', 6),
(64, '81', 'กระบี่', 'Krabi', 6),
(65, '82', 'พังงา', 'Phangnga', 6),
(66, '83', 'ภูเก็ต', 'Phuket', 6),
(67, '84', 'สุราษฎร์ธานี', 'Surat Thani', 6),
(68, '85', 'ระนอง', 'Ranong', 6),
(69, '86', 'ชุมพร', 'Chumphon', 6),
(70, '90', 'สงขลา', 'Songkhla', 6),
(71, '91', 'สตูล', 'Satun', 6),
(72, '92', 'ตรัง', 'Trang', 6),
(73, '93', 'พัทลุง', 'Phatthalung', 6),
(74, '94', 'ปัตตานี', 'Pattani', 6),
(75, '95', 'ยะลา', 'Yala', 6),
(76, '96', 'นราธิวาส', 'Narathiwat', 6),
(77, '97', 'บึงกาฬ', 'buogkan', 3);

-- --------------------------------------------------------

--
-- Table structure for table `testimg`
--

CREATE TABLE `testimg` (
  `id` int(11) NOT NULL,
  `nameimg` varchar(255) NOT NULL
) ENGINE=InnoDB DEFAULT CHARSET=utf8;

--
-- Dumping data for table `testimg`
--

INSERT INTO `testimg` (`id`, `nameimg`) VALUES
(3, 'images.jpg'),
(4, 'images.jpg');

-- --------------------------------------------------------

--
-- Table structure for table `text_activities`
--

CREATE TABLE `text_activities` (
  `id` int(11) NOT NULL,
  `atttype_id` int(11) NOT NULL,
  `topic` text NOT NULL,
  `text1` text NOT NULL,
  `text2` text NOT NULL,
  `text3` text NOT NULL,
  `class_id` int(11) NOT NULL
) ENGINE=InnoDB DEFAULT CHARSET=utf8;

--
-- Dumping data for table `text_activities`
--

INSERT INTO `text_activities` (`id`, `atttype_id`, `topic`, `text1`, `text2`, `text3`, `class_id`) VALUES
(1, 6, 'กิจกรรมบังคับ', '', '* ข้อบังคับ : ต้องเข้าร่วมกิจกรรมไม่น้อยกว่า 6 กิจกรรม และมีหน่วยไม่น้อยกว่า 22 หน่วย', 'ต้องเข้าร่วมกิจกรรมไม่น้อยกว่า : 100 หน่วย', 1),
(2, 7, 'กิจกรรมบังคับเลือก', '', '* ข้อบังคับ : ต้องเข้าร่วมกิจกรรมไม่น้อยกว่า 5 กิจกรรม และมีหน่วยไม่น้อยกว่า 20 หน่วย', 'ต้องเข้าร่วมกิจกรรมไม่น้อยกว่า : 100 หน่วย ', 1),
(3, 5, 'กิจกรรมเลือกเข้าร่วม - PD', 'ด้านการส่งเสริมและพัฒนาบุคลิกภาพ', '* ข้อบังคับ : ต้องเข้าร่วมกิจกรรมไม่น้อยกว่า 2 กิจกรรม และมีหน่วยรวม 5 ด้านไม่น้อยกว่า 58 หน่วย', 'ต้องเข้าร่วมกิจกรรมไม่น้อยกว่า : 100 หน่วย ', 1),
(4, 1, 'กิจกรรมเลือกเข้าร่วม - HD', 'ด้านการส่งเสริมและพัฒนาสุขภาพกายและสุขภาพจิต', '* ข้อบังคับ : ต้องเข้าร่วมกิจกรรมไม่น้อยกว่า 2 กิจกรรม และมีหน่วยรวม 5 ด้านไม่น้อยกว่า 58 หน่วย', 'ต้องเข้าร่วมกิจกรรมไม่น้อยกว่า : 100 หน่วย', 1),
(5, 3, 'กิจกรรมเลือกเข้าร่วม - MD', 'ด้านการส่งเสริมและพัฒนาคุณธรรม จริยธรรม ค่านิยม', '* ข้อบังคับ : ต้องเข้าร่วมกิจกรรมไม่น้อยกว่า 2 กิจกรรม และมีหน่วยรวม 5 ด้านไม่น้อยกว่า 58 หน่วย', 'ต้องเข้าร่วมกิจกรรมไม่น้อยกว่า : 100 หน่วย', 1),
(6, 4, 'กิจกรรมเลือกเข้าร่วม - CD', 'ด้านการส่งเสริมและอนุรักษ์ศิลปวัฒนธรรมและสิ่งแวดล้อม', '* ข้อบังคับ : ต้องเข้าร่วมกิจกรรมไม่น้อยกว่า 2 กิจกรรม และมีหน่วยรวม 5 ด้านไม่น้อยกว่า 58 หน่วย', 'ต้องเข้าร่วมกิจกรรมไม่น้อยกว่า : 100 หน่วย', 1),
(7, 2, 'กิจกรรมเลือกเข้าร่วม - AD', 'ด้านการส่งเสริมและอนุรักษ์ศิลปวัฒนธรรมและสิ่งแวดล้อม', '* ข้อบังคับ : ต้องเข้าร่วมกิจกรรมไม่น้อยกว่า 2 กิจกรรม และมีหน่วยรวม 5 ด้านไม่น้อยกว่า 58 หน่วย', 'ต้องเข้าร่วมกิจกรรมไม่น้อยกว่า : 100 หน่วย', 1),
(8, 6, 'กิจกรรมบังคับ', '', '*  ข้อบังคับ :  ต้องเข้าร่วมกิจกรรมไม่น้อยกว่า 4 กิจกรรม และมีหน่วยไม่น้อยกว่า 16 หน่วย', 'ต้องเข้าร่วมกิจกรรมไม่น้อยกว่า : 30 หน่วย', 2),
(9, 7, ' กิจกรรมบังคับเลือก ', '', '*  ข้อบังคับ :  ไม่บังคับเข้าร่วม', 'ต้องเข้าร่วมกิจกรรมไม่น้อยกว่า : 30 หน่วย', 2),
(10, 5, 'กิจกรรมเลือกเข้าร่วม - PD', 'ด้านการส่งเสริมและพัฒนาบุคลิกภาพ', '*  ข้อบังคับ :  ต้องเข้าร่วมกิจกรรมไม่น้อยกว่า 1 กิจกรรม และมีหน่วยรวม 5 ด้านไม่น้อยกว่า 14 หน่วย', 'ต้องเข้าร่วมกิจกรรมไม่น้อยกว่า : 30 หน่วย ', 2),
(11, 1, 'กิจกรรมเลือกเข้าร่วม - HD', 'ด้านการส่งเสริมและพัฒนาสุขภาพกายและสุขภาพจิต', '*  ข้อบังคับ :  ต้องเข้าร่วมกิจกรรมไม่น้อยกว่า 1 กิจกรรม และมีหน่วยรวม 5 ด้านไม่น้อยกว่า 14 หน่วย', 'ต้องเข้าร่วมกิจกรรมไม่น้อยกว่า : 30 หน่วย', 2),
(12, 2, 'กิจกรรมเลือกเข้าร่วม - AD', 'ด้านการส่งเสริมและพัฒนาทักษะทางวิชาการหรือวิชาชีพ ', '*  ข้อบังคับ :  ต้องเข้าร่วมกิจกรรมไม่น้อยกว่า 1 กิจกรรม และมีหน่วยรวม 5 ด้านไม่น้อยกว่า 14 หน่วย', 'ต้องเข้าร่วมกิจกรรมไม่น้อยกว่า : 30 หน่วย', 2),
(13, 3, 'กิจกรรมเลือกเข้าร่วม - MD', 'ด้านการส่งเสริมและพัฒนาคุณธรรม จริยธรรม ค่านิยม', '*  ข้อบังคับ :  ต้องเข้าร่วมกิจกรรมไม่น้อยกว่า 1 กิจกรรม และมีหน่วยรวม 5 ด้านไม่น้อยกว่า 14 หน่วย', 'ต้องเข้าร่วมกิจกรรมไม่น้อยกว่า : 30 หน่วย', 2),
(14, 4, 'กิจกรรมเลือกเข้าร่วม - CD', 'ด้านการส่งเสริมและอนุรักษ์ศิลปวัฒนธรรมและสิ่งแวดล้อม', '*  ข้อบังคับ :  ต้องเข้าร่วมกิจกรรมไม่น้อยกว่า 1 กิจกรรม และมีหน่วยรวม 5 ด้านไม่น้อยกว่า 14 หน่วย', 'ต้องเข้าร่วมกิจกรรมไม่น้อยกว่า : 30 หน่วย', 2);

-- --------------------------------------------------------

--
-- Table structure for table `total_unit`
--

CREATE TABLE `total_unit` (
  `t_id` int(11) NOT NULL,
  `class_id` int(11) NOT NULL,
  `t_detail` int(11) NOT NULL
) ENGINE=InnoDB DEFAULT CHARSET=utf8;

--
-- Dumping data for table `total_unit`
--

INSERT INTO `total_unit` (`t_id`, `class_id`, `t_detail`) VALUES
(1, 1, 100),
(2, 2, 50);

--
-- Indexes for dumped tables
--

--
-- Indexes for table `activities`
--
ALTER TABLE `activities`
  ADD PRIMARY KEY (`activities_id`),
  ADD KEY `atttype_id` (`atttype_id`),
  ADD KEY `term_id` (`term_id`);

--
-- Indexes for table `activities_extra`
--
ALTER TABLE `activities_extra`
  ADD PRIMARY KEY (`ex_id`);

--
-- Indexes for table `activities_join`
--
ALTER TABLE `activities_join`
  ADD PRIMARY KEY (`join_id`),
  ADD KEY `activities_id` (`activities_id`),
  ADD KEY `student_id` (`student_id`);

--
-- Indexes for table `activities_term`
--
ALTER TABLE `activities_term`
  ADD PRIMARY KEY (`term_id`);

--
-- Indexes for table `activities_type`
--
ALTER TABLE `activities_type`
  ADD PRIMARY KEY (`atttype_id`);

--
-- Indexes for table `cal`
--
ALTER TABLE `cal`
  ADD PRIMARY KEY (`cal_id`),
  ADD KEY `atttype_id` (`atttype_id`),
  ADD KEY `class_id` (`class_id`);

--
-- Indexes for table `employee`
--
ALTER TABLE `employee`
  ADD PRIMARY KEY (`emp_id`);

--
-- Indexes for table `news`
--
ALTER TABLE `news`
  ADD PRIMARY KEY (`news_id`),
  ADD KEY `newstype_id` (`newstype_id`);

--
-- Indexes for table `newstype`
--
ALTER TABLE `newstype`
  ADD PRIMARY KEY (`newstype_id`);

--
-- Indexes for table `qrcodes`
--
ALTER TABLE `qrcodes`
  ADD PRIMARY KEY (`qrcode_id`);

--
-- Indexes for table `students`
--
ALTER TABLE `students`
  ADD PRIMARY KEY (`student_id`),
  ADD KEY `class_id` (`class_id`),
  ADD KEY `group_id` (`group_id`),
  ADD KEY `year_id` (`year_id`),
  ADD KEY `subject_id` (`subject_id`);

--
-- Indexes for table `students_class`
--
ALTER TABLE `students_class`
  ADD PRIMARY KEY (`class_id`);

--
-- Indexes for table `student_group`
--
ALTER TABLE `student_group`
  ADD PRIMARY KEY (`group_id`),
  ADD KEY `class_id` (`class_id`);

--
-- Indexes for table `student_subject`
--
ALTER TABLE `student_subject`
  ADD PRIMARY KEY (`subject_id`);

--
-- Indexes for table `student_year`
--
ALTER TABLE `student_year`
  ADD PRIMARY KEY (`year_id`);

--
-- Indexes for table `tbl_provinces`
--
ALTER TABLE `tbl_provinces`
  ADD PRIMARY KEY (`province_id`);

--
-- Indexes for table `testimg`
--
ALTER TABLE `testimg`
  ADD PRIMARY KEY (`id`);

--
-- Indexes for table `text_activities`
--
ALTER TABLE `text_activities`
  ADD PRIMARY KEY (`id`);

--
-- Indexes for table `total_unit`
--
ALTER TABLE `total_unit`
  ADD PRIMARY KEY (`t_id`),
  ADD KEY `class_id` (`class_id`);

--
-- AUTO_INCREMENT for dumped tables
--

--
-- AUTO_INCREMENT for table `activities`
--
ALTER TABLE `activities`
  MODIFY `activities_id` int(11) NOT NULL AUTO_INCREMENT, AUTO_INCREMENT=6111120;

--
-- AUTO_INCREMENT for table `activities_join`
--
ALTER TABLE `activities_join`
  MODIFY `join_id` int(11) NOT NULL AUTO_INCREMENT, AUTO_INCREMENT=85;

--
-- AUTO_INCREMENT for table `activities_type`
--
ALTER TABLE `activities_type`
  MODIFY `atttype_id` int(11) NOT NULL AUTO_INCREMENT, AUTO_INCREMENT=8;

--
-- AUTO_INCREMENT for table `cal`
--
ALTER TABLE `cal`
  MODIFY `cal_id` int(11) NOT NULL AUTO_INCREMENT, AUTO_INCREMENT=15;

--
-- AUTO_INCREMENT for table `employee`
--
ALTER TABLE `employee`
  MODIFY `emp_id` int(11) NOT NULL AUTO_INCREMENT, AUTO_INCREMENT=15;

--
-- AUTO_INCREMENT for table `news`
--
ALTER TABLE `news`
  MODIFY `news_id` int(6) UNSIGNED ZEROFILL NOT NULL AUTO_INCREMENT, AUTO_INCREMENT=44;

--
-- AUTO_INCREMENT for table `newstype`
--
ALTER TABLE `newstype`
  MODIFY `newstype_id` int(3) UNSIGNED ZEROFILL NOT NULL AUTO_INCREMENT, AUTO_INCREMENT=5;

--
-- AUTO_INCREMENT for table `qrcodes`
--
ALTER TABLE `qrcodes`
  MODIFY `qrcode_id` int(11) NOT NULL AUTO_INCREMENT, AUTO_INCREMENT=168;

--
-- AUTO_INCREMENT for table `students_class`
--
ALTER TABLE `students_class`
  MODIFY `class_id` int(11) NOT NULL AUTO_INCREMENT, AUTO_INCREMENT=3;

--
-- AUTO_INCREMENT for table `student_group`
--
ALTER TABLE `student_group`
  MODIFY `group_id` int(11) NOT NULL AUTO_INCREMENT, AUTO_INCREMENT=15;

--
-- AUTO_INCREMENT for table `student_subject`
--
ALTER TABLE `student_subject`
  MODIFY `subject_id` int(11) NOT NULL AUTO_INCREMENT, AUTO_INCREMENT=9;

--
-- AUTO_INCREMENT for table `tbl_provinces`
--
ALTER TABLE `tbl_provinces`
  MODIFY `province_id` int(5) NOT NULL AUTO_INCREMENT, AUTO_INCREMENT=78;

--
-- AUTO_INCREMENT for table `testimg`
--
ALTER TABLE `testimg`
  MODIFY `id` int(11) NOT NULL AUTO_INCREMENT, AUTO_INCREMENT=5;

--
-- AUTO_INCREMENT for table `text_activities`
--
ALTER TABLE `text_activities`
  MODIFY `id` int(11) NOT NULL AUTO_INCREMENT, AUTO_INCREMENT=15;

--
-- AUTO_INCREMENT for table `total_unit`
--
ALTER TABLE `total_unit`
  MODIFY `t_id` int(11) NOT NULL AUTO_INCREMENT, AUTO_INCREMENT=3;

--
-- Constraints for dumped tables
--

--
-- Constraints for table `activities`
--
ALTER TABLE `activities`
  ADD CONSTRAINT `activities_ibfk_1` FOREIGN KEY (`atttype_id`) REFERENCES `activities_type` (`atttype_id`),
  ADD CONSTRAINT `activities_ibfk_2` FOREIGN KEY (`term_id`) REFERENCES `activities_term` (`term_id`);

--
-- Constraints for table `activities_join`
--
ALTER TABLE `activities_join`
  ADD CONSTRAINT `activities_join_ibfk_1` FOREIGN KEY (`activities_id`) REFERENCES `activities` (`activities_id`),
  ADD CONSTRAINT `activities_join_ibfk_2` FOREIGN KEY (`student_id`) REFERENCES `students` (`student_id`);

--
-- Constraints for table `cal`
--
ALTER TABLE `cal`
  ADD CONSTRAINT `cal_ibfk_1` FOREIGN KEY (`atttype_id`) REFERENCES `activities_type` (`atttype_id`),
  ADD CONSTRAINT `cal_ibfk_2` FOREIGN KEY (`class_id`) REFERENCES `students_class` (`class_id`);

--
-- Constraints for table `news`
--
ALTER TABLE `news`
  ADD CONSTRAINT `news_ibfk_1` FOREIGN KEY (`newstype_id`) REFERENCES `newstype` (`newstype_id`);

--
-- Constraints for table `students`
--
ALTER TABLE `students`
  ADD CONSTRAINT `students_ibfk_1` FOREIGN KEY (`class_id`) REFERENCES `students_class` (`class_id`),
  ADD CONSTRAINT `students_ibfk_2` FOREIGN KEY (`group_id`) REFERENCES `student_group` (`group_id`),
  ADD CONSTRAINT `students_ibfk_3` FOREIGN KEY (`year_id`) REFERENCES `student_year` (`year_id`),
  ADD CONSTRAINT `students_ibfk_4` FOREIGN KEY (`subject_id`) REFERENCES `student_subject` (`subject_id`);

--
-- Constraints for table `student_group`
--
ALTER TABLE `student_group`
  ADD CONSTRAINT `student_group_ibfk_1` FOREIGN KEY (`class_id`) REFERENCES `students_class` (`class_id`);

--
-- Constraints for table `total_unit`
--
ALTER TABLE `total_unit`
  ADD CONSTRAINT `total_unit_ibfk_1` FOREIGN KEY (`class_id`) REFERENCES `students_class` (`class_id`);
COMMIT;

/*!40101 SET CHARACTER_SET_CLIENT=@OLD_CHARACTER_SET_CLIENT */;
/*!40101 SET CHARACTER_SET_RESULTS=@OLD_CHARACTER_SET_RESULTS */;
/*!40101 SET COLLATION_CONNECTION=@OLD_COLLATION_CONNECTION */;
